date,symbol,open,high,low,close,volume
2023-10-26,563300.SH,0.953,0.966,0.942,0.964,74813200
2023-10-26,588000.SH,0.885,0.893,0.879,0.892,3212358536
2023-10-27,563300.SH,0.96,0.979,0.957,0.975,71336400
2023-10-27,588000.SH,0.887,0.909,0.885,0.906,3774003041
2023-10-30,563300.SH,0.974,0.987,0.971,0.985,68728200
2023-10-30,588000.SH,0.901,0.925,0.901,0.92,4257622557
2023-10-31,563300.SH,0.984,0.986,0.974,0.976,63164700
2023-10-31,588000.SH,0.92,0.924,0.911,0.917,2449846100
2023-11-01,563300.SH,0.979,0.985,0.977,0.982,75170800
2023-11-01,588000.SH,0.918,0.92,0.91,0.913,2154371847
2023-11-02,563300.SH,0.982,0.988,0.971,0.972,51597000
2023-11-02,588000.SH,0.913,0.918,0.902,0.903,2605620526
2023-11-03,563300.SH,0.972,0.987,0.972,0.984,46666200
2023-11-03,588000.SH,0.904,0.919,0.904,0.918,3166394736
2023-11-06,563300.SH,0.989,1.005,0.986,1.005,83050700
2023-11-06,588000.SH,0.924,0.936,0.923,0.934,3746580690
2023-11-07,563300.SH,1.001,1.017,1.001,1.014,81721600
2023-11-07,588000.SH,0.93,0.937,0.927,0.935,2879079878
2023-11-08,563300.SH,1.014,1.022,1.011,1.02,65299800
2023-11-08,588000.SH,0.933,0.95,0.932,0.943,4499333281
2023-11-09,563300.SH,1.024,1.024,1.009,1.014,76973200
2023-11-09,588000.SH,0.942,0.948,0.935,0.937,2600844091
2023-11-10,563300.SH,1.01,1.013,1.003,1.009,68351900
2023-11-10,588000.SH,0.932,0.936,0.927,0.931,2553968289
2023-11-13,563300.SH,1.013,1.024,1.011,1.023,59827400
2023-11-13,588000.SH,0.934,0.938,0.93,0.937,2188207856
2023-11-14,563300.SH,1.02,1.03,1.019,1.028,70058600
2023-11-14,588000.SH,0.936,0.947,0.935,0.946,2799827585
2023-11-15,563300.SH,1.045,1.045,1.03,1.036,75386900
2023-11-15,588000.SH,0.955,0.956,0.941,0.942,2833871730
2023-11-16,563300.SH,1.036,1.039,1.028,1.033,76821400
2023-11-16,588000.SH,0.94,0.941,0.927,0.928,2864207113
2023-11-17,563300.SH,1.028,1.044,1.027,1.042,62362400
2023-11-17,588000.SH,0.926,0.932,0.924,0.932,2098538050
2023-11-20,563300.SH,1.044,1.054,1.04,1.05,101363500
2023-11-20,588000.SH,0.933,0.937,0.924,0.934,2349669994
2023-11-21,563300.SH,1.052,1.054,1.04,1.043,82540700
2023-11-21,588000.SH,0.935,0.938,0.925,0.927,2518517337
2023-11-22,563300.SH,1.038,1.048,1.032,1.034,54869690
2023-11-22,588000.SH,0.924,0.927,0.911,0.913,2964864363
2023-11-23,563300.SH,1.034,1.044,1.027,1.043,81809700
2023-11-23,588000.SH,0.912,0.919,0.907,0.918,2511255416
2023-11-24,563300.SH,1.041,1.041,1.022,1.026,93989900
2023-11-24,588000.SH,0.916,0.916,0.904,0.906,2415461004
2023-11-27,563300.SH,1.021,1.031,1.02,1.027,66306200
2023-11-27,588000.SH,0.905,0.912,0.902,0.909,2350008306
2023-11-28,563300.SH,1.027,1.038,1.021,1.037,93620600
2023-11-28,588000.SH,0.909,0.915,0.905,0.913,2270254762
2023-11-29,563300.SH,1.035,1.038,1.027,1.03,60726800
2023-11-29,588000.SH,0.913,0.915,0.904,0.906,2355258419
2023-11-30,563300.SH,1.026,1.031,1.012,1.025,90692000
2023-11-30,588000.SH,0.904,0.907,0.9,0.907,2169203122
2023-12-01,563300.SH,1.022,1.038,1.02,1.036,86540600
2023-12-01,588000.SH,0.907,0.912,0.898,0.91,2537798938
2023-12-04,563300.SH,1.039,1.039,1.032,1.033,69803500
2023-12-04,588000.SH,0.91,0.917,0.905,0.906,2220697752
2023-12-05,563300.SH,1.029,1.033,1.012,1.015,83573600
2023-12-05,588000.SH,0.904,0.904,0.889,0.89,2969543003
2023-12-06,563300.SH,1.01,1.028,1.009,1.019,81318500
2023-12-06,588000.SH,0.889,0.896,0.887,0.892,2167280932
2023-12-07,563300.SH,1.019,1.022,1.012,1.017,67170900
2023-12-07,588000.SH,0.891,0.895,0.884,0.891,2343805122
2023-12-08,563300.SH,1.017,1.02,1.002,1.002,97878800
2023-12-08,588000.SH,0.891,0.91,0.891,0.91,3660562649
2023-12-11,563300.SH,0.994,1.017,0.991,1.015,81687100
2023-12-11,588000.SH,0.907,0.924,0.9,0.923,3341210918
2023-12-12,563300.SH,1.015,1.02,1.012,1.019,53294400
2023-12-12,588000.SH,0.921,0.923,0.913,0.917,2330888429
2023-12-13,563300.SH,1.015,1.025,1.014,1.016,84417000
2023-12-13,588000.SH,0.915,0.921,0.906,0.907,2460182105
2023-12-14,563300.SH,1.016,1.022,1.009,1.011,58199000
2023-12-14,588000.SH,0.911,0.915,0.901,0.902,2486082025
2023-12-15,563300.SH,1.013,1.014,1.003,1.007,64298400
2023-12-15,588000.SH,0.905,0.907,0.893,0.895,2824084739
2023-12-18,563300.SH,1.006,1.006,0.991,0.993,59158800
2023-12-18,588000.SH,0.892,0.894,0.884,0.886,2516009091
2023-12-19,563300.SH,0.99,0.998,0.988,0.994,63950800
2023-12-19,588000.SH,0.885,0.896,0.883,0.892,2293954644
2023-12-20,563300.SH,0.996,0.998,0.984,0.985,69819500
2023-12-20,588000.SH,0.893,0.895,0.881,0.881,2337079933
2023-12-21,563300.SH,0.979,0.996,0.967,0.995,110736500
2023-12-21,588000.SH,0.878,0.896,0.877,0.893,3312828333
2023-12-22,563300.SH,0.992,0.996,0.974,0.978,84169000
2023-12-22,588000.SH,0.891,0.896,0.885,0.888,2719597373
2023-12-25,563300.SH,0.977,0.979,0.967,0.976,92602400
2023-12-25,588000.SH,0.886,0.891,0.879,0.883,2254291767
2023-12-26,563300.SH,0.974,0.974,0.96,0.963,111474500
2023-12-26,588000.SH,0.882,0.882,0.866,0.868,2926176634
2023-12-27,563300.SH,0.968,0.973,0.958,0.969,178049200
2023-12-27,588000.SH,0.87,0.876,0.868,0.873,2254472074
2023-12-28,563300.SH,0.965,0.995,0.963,0.99,216926600
2023-12-28,588000.SH,0.871,0.898,0.87,0.894,4218775869
2023-12-29,563300.SH,0.99,1.012,0.989,1.011,181909500
2023-12-29,588000.SH,0.891,0.899,0.891,0.897,2488834077
2024-01-02,0700.HK,292.1,297.1,286.5,288.7,23354069
2024-01-02,563300.SH,1.016,1.016,1.006,1.011,302284300
2024-01-02,588000.SH,0.898,0.898,0.885,0.886,2253456038
2024-01-02,9868.HK,59.05,60.95,55.8,56.4,13352366
2024-01-02,TSLA,250.08,251.25,244.41,248.42,104654163
2024-01-03,0700.HK,286.1,293.7,284.5,292.7,20391718
2024-01-03,563300.SH,0.996,1.012,0.992,1.006,219048900
2024-01-03,588000.SH,0.884,0.886,0.87,0.874,2904194946
2024-01-03,9868.HK,55.35,56.75,54.15,54.95,9625528
2024-01-03,TSLA,244.98,245.68,236.32,238.45,121082599
2024-01-04,0700.HK,296.5,296.5,290.1,290.9,20217430
2024-01-04,563300.SH,1.002,1.009,0.998,1.008,162604600
2024-01-04,588000.SH,0.873,0.874,0.86,0.866,2850847061
2024-01-04,9868.HK,55.4,55.5,53.3,54.95,7044762
2024-01-04,TSLA,239.25,242.7,237.73,237.93,102629283
2024-01-05,0700.HK,287.5,288.7,281.7,284.3,23745017
2024-01-05,563300.SH,1.004,1.009,0.979,0.983,135501500
2024-01-05,588000.SH,0.863,0.869,0.845,0.849,3255614082
2024-01-05,9868.HK,53.7,54.6,52.5,52.7,9303652
2024-01-05,TSLA,236.86,240.1196,234.9001,237.49,92488939
2024-01-08,0700.HK,286.5,286.7,277.3,280.1,16718452
2024-01-08,563300.SH,0.981,0.983,0.964,0.965,106384900
2024-01-08,588000.SH,0.845,0.847,0.824,0.824,3854095445
2024-01-08,9868.HK,51.85,51.85,47.5,48.6,22269550
2024-01-08,TSLA,236.14,241.25,235.3,240.45,85166580
2024-01-09,0700.HK,278.1,281.3,275.5,275.7,16927478
2024-01-09,563300.SH,0.968,0.986,0.968,0.978,105495700
2024-01-09,588000.SH,0.825,0.835,0.816,0.824,3079714573
2024-01-09,9868.HK,48.9,49.85,48.65,48.95,8527004
2024-01-09,TSLA,238.11,238.9646,232.04,234.96,96705664
2024-01-10,0700.HK,274.1,277.3,268.9,272.3,19146068
2024-01-10,563300.SH,0.975,0.978,0.958,0.967,81927200
2024-01-10,588000.SH,0.82,0.831,0.81,0.818,2737366587
2024-01-10,9868.HK,48.95,49.55,48.0,48.45,9300048
2024-01-10,TSLA,235.1,235.5,231.29,233.94,91628502
2024-01-11,0700.HK,272.7,284.5,272.1,279.5,20604580
2024-01-11,563300.SH,0.964,0.988,0.963,0.987,85408800
2024-01-11,588000.SH,0.817,0.833,0.815,0.829,2626126287
2024-01-11,9868.HK,48.85,50.7,48.35,49.95,6083654
2024-01-11,TSLA,230.57,230.93,225.37,227.22,105873612
2024-01-12,0700.HK,277.7,285.1,276.9,280.5,15770055
2024-01-12,563300.SH,0.983,0.995,0.973,0.977,98612000
2024-01-12,588000.SH,0.826,0.83,0.817,0.818,2339678002
2024-01-12,9868.HK,47.85,48.45,47.0,47.35,10479287
2024-01-12,TSLA,220.08,225.34,217.1501,218.89,123043812
2024-01-15,0700.HK,282.1,285.9,279.7,281.5,16334371
2024-01-15,563300.SH,0.974,0.984,0.969,0.977,51377700
2024-01-15,588000.SH,0.813,0.824,0.81,0.813,2543440039
2024-01-15,9868.HK,46.35,46.35,41.95,43.0,26211631
2024-01-16,0700.HK,275.9,280.9,272.1,274.5,22236094
2024-01-16,563300.SH,0.975,0.979,0.96,0.977,165752200
2024-01-16,588000.SH,0.811,0.817,0.804,0.817,2923724323
2024-01-16,9868.HK,42.95,44.5,42.4,43.05,11052588
2024-01-16,TSLA,215.1,223.49,212.18,219.91,115355046
2024-01-17,0700.HK,269.1,270.9,264.3,266.7,36114167
2024-01-17,563300.SH,0.97,0.974,0.952,0.953,72333600
2024-01-17,588000.SH,0.814,0.814,0.794,0.795,2750034697
2024-01-17,9868.HK,41.7,41.7,37.65,38.9,32871106
2024-01-17,TSLA,214.86,215.67,212.01,215.55,103164400
2024-01-18,0700.HK,266.7,271.3,263.3,269.7,24604079
2024-01-18,563300.SH,0.946,0.951,0.92,0.95,93249300
2024-01-18,588000.SH,0.791,0.807,0.778,0.806,4232221508
2024-01-18,9868.HK,39.15,39.5,37.6,38.75,17976531
2024-01-18,TSLA,216.88,217.45,208.74,211.88,108595431
2024-01-19,0700.HK,267.1,274.7,260.3,263.3,26897479
2024-01-19,563300.SH,0.939,0.948,0.931,0.933,65330300
2024-01-19,588000.SH,0.803,0.811,0.8,0.803,2845203844
2024-01-19,9868.HK,38.55,38.65,36.25,37.2,16073028
2024-01-19,TSLA,209.99,213.19,207.56,212.19,102260343
2024-01-22,0700.HK,262.7,263.7,252.3,254.3,33654810
2024-01-22,563300.SH,0.93,0.93,0.867,0.874,104302000
2024-01-22,588000.SH,0.801,0.802,0.77,0.776,3084333974
2024-01-22,9868.HK,37.2,37.65,33.8,34.75,20790117
2024-01-22,TSLA,212.26,217.8,206.27,208.8,117952527
2024-01-23,0700.HK,258.9,270.3,255.3,264.1,35610787
2024-01-23,563300.SH,0.866,0.883,0.858,0.876,133605100
2024-01-23,588000.SH,0.772,0.79,0.769,0.786,3492861240
2024-01-23,9868.HK,36.2,38.25,35.6,37.35,25020615
2024-01-23,TSLA,211.3,215.65,207.7516,209.14,106605946
2024-01-24,0700.HK,271.7,276.5,264.3,273.9,33863638
2024-01-24,563300.SH,0.881,0.893,0.859,0.89,90488700
2024-01-24,588000.SH,0.789,0.792,0.763,0.788,3752641169
2024-01-24,9868.HK,37.85,38.55,35.0,37.2,21966105
2024-01-24,TSLA,211.88,212.73,206.77,207.83,123369932
2024-01-25,0700.HK,277.1,284.1,272.9,282.9,34160783
2024-01-25,563300.SH,0.888,0.924,0.882,0.922,106649400
2024-01-25,588000.SH,0.785,0.806,0.781,0.804,4013063446
2024-01-25,9868.HK,35.6,35.95,34.5,35.95,16286846
2024-01-25,TSLA,189.7,193.0,180.06,182.63,198076787
2024-01-26,0700.HK,280.3,282.3,273.3,274.9,24815795
2024-01-26,563300.SH,0.919,0.934,0.913,0.918,112949500
2024-01-26,588000.SH,0.8,0.802,0.781,0.785,3418977938
2024-01-26,9868.HK,35.65,35.65,34.1,34.4,11085129
2024-01-26,TSLA,185.5,186.78,182.1,183.25,107343231
2024-01-29,0700.HK,278.1,280.5,271.5,274.1,20159014
2024-01-29,563300.SH,0.92,0.921,0.884,0.885,91809500
2024-01-29,588000.SH,0.791,0.794,0.763,0.764,3630141631
2024-01-29,9868.HK,34.5,35.2,33.65,34.15,11304762
2024-01-29,TSLA,185.63,191.48,183.67,190.93,125013148
2024-01-30,0700.HK,269.3,272.1,265.1,265.9,21505998
2024-01-30,563300.SH,0.879,0.887,0.856,0.858,67622700
2024-01-30,588000.SH,0.757,0.76,0.732,0.735,4023134642
2024-01-30,9868.HK,34.4,34.7,33.9,34.4,9028125
2024-01-30,TSLA,195.33,196.3593,190.61,191.59,109982327
2024-01-31,0700.HK,265.9,270.1,260.499999999,262.7,20052974
2024-01-31,563300.SH,0.848,0.858,0.816,0.819,98773500
2024-01-31,588000.SH,0.731,0.736,0.717,0.722,4677177722
2024-01-31,9868.HK,33.65,33.7,32.0,32.35,11133682
2024-01-31,TSLA,186.995,193.97,185.8459,187.29,103221430
2024-02-01,0700.HK,262.1,269.9,260.1,263.7,17329472
2024-02-01,563300.SH,0.812,0.824,0.792,0.806,122288000
2024-02-01,588000.SH,0.716,0.741,0.714,0.726,4191858688
2024-02-01,9868.HK,33.0,33.85,32.6,32.8,10271413
2024-02-01,TSLA,188.5,189.88,184.28,188.86,91843275
2024-02-02,0700.HK,276.7,279.7,267.1,271.5,31053753
2024-02-02,563300.SH,0.806,0.819,0.749,0.769,151520163
2024-02-02,588000.SH,0.726,0.729,0.686,0.707,5263970188
2024-02-02,9868.HK,33.6,34.25,31.4,32.2,16126756
2024-02-02,TSLA,185.04,188.69,182.0,187.91,110612672
2024-02-05,0700.HK,270.5,275.5,265.9,271.7,20456590
2024-02-05,563300.SH,0.753,0.761,0.695,0.706,324568400
2024-02-05,588000.SH,0.7,0.721,0.666,0.709,6322170315
2024-02-05,9868.HK,31.3,32.1,30.8,31.4,14908775
2024-02-05,TSLA,184.26,184.68,175.01,181.06,134294447
2024-02-06,0700.HK,271.9,284.7,271.7,282.9,28856902
2024-02-06,563300.SH,0.689,0.746,0.66,0.731,593485913
2024-02-06,588000.SH,0.7,0.757,0.696,0.757,5748190427
2024-02-06,9868.HK,30.8,33.6,30.5,33.45,14803260
2024-02-06,TSLA,177.21,186.49,177.11,185.1,122675954
2024-02-07,0700.HK,287.1,289.1,280.9,284.3,26343654
2024-02-07,563300.SH,0.722,0.739,0.697,0.712,929932113
2024-02-07,588000.SH,0.755,0.779,0.752,0.777,4709442168
2024-02-07,9868.HK,34.3,35.25,32.6,33.1,12317515
2024-02-07,TSLA,188.18,189.79,182.68,187.58,111535217
2024-02-08,0700.HK,282.1,285.3,278.5,279.3,17910672
2024-02-08,563300.SH,0.74,0.783,0.71,0.783,7431238513
2024-02-08,588000.SH,0.784,0.804,0.779,0.786,4339793987
2024-02-08,9868.HK,33.1,33.9,32.75,33.2,5922767
2024-02-08,TSLA,189.0,191.6171,185.58,189.56,83034043
2024-02-09,0700.HK,276.7,279.5,273.5,279.3,6732059
2024-02-09,9868.HK,33.05,33.05,31.25,32.25,3692278
2024-02-09,TSLA,190.18,194.12,189.48,193.57,84476347
2024-02-12,TSLA,192.11,194.73,187.28,188.13,95498597
2024-02-13,TSLA,183.99,187.26,182.1087,184.02,86759478
2024-02-14,0700.HK,279.1,283.3,274.1,282.1,11567444
2024-02-14,9868.HK,32.8,35.2,31.8,34.8,7777016
2024-02-14,TSLA,185.3,188.89,183.35,188.71,81202987
2024-02-15,0700.HK,280.7,282.1,277.1,277.5,12568028
2024-02-15,9868.HK,34.2,35.75,33.85,35.4,4270450
2024-02-15,TSLA,189.16,200.88,188.8595,200.45,120831762
2024-02-16,0700.HK,277.7,283.9,272.5,283.9,17215356
2024-02-16,9868.HK,35.4,38.25,35.15,37.5,6253327
2024-02-16,TSLA,202.06,203.17,197.4,199.95,111346705
2024-02-19,0700.HK,283.5,283.5,275.9,276.9,15415304
2024-02-19,563300.SH,0.779,0.801,0.752,0.799,5045120233
2024-02-19,588000.SH,0.798,0.799,0.782,0.798,3319890645
2024-02-19,9868.HK,37.4,37.4,35.8,36.9,10975991
2024-02-20,0700.HK,279.1,279.9,272.5,276.3,15773028
2024-02-20,563300.SH,0.79,0.806,0.779,0.802,2191770938
2024-02-20,588000.SH,0.792,0.794,0.783,0.79,2290452497
2024-02-20,9868.HK,37.2,37.5,34.1,35.55,19404729
2024-02-20,TSLA,196.13,198.6,189.13,193.76,104545762
2024-02-21,0700.HK,272.9,286.7,272.9,280.9,23947218
2024-02-21,563300.SH,0.792,0.833,0.784,0.805,2031687977
2024-02-21,588000.SH,0.783,0.806,0.779,0.791,3412045371
2024-02-21,9868.HK,34.95,37.3,34.75,36.25,12618141
2024-02-21,TSLA,193.36,199.44,191.95,194.77,103844008
2024-02-22,0700.HK,280.3,283.5,278.9,283.5,12441270
2024-02-22,563300.SH,0.81,0.828,0.802,0.827,1303992734
2024-02-22,588000.SH,0.791,0.806,0.79,0.799,2646380772
2024-02-22,9868.HK,35.6,36.45,34.95,36.45,10303141
2024-02-22,TSLA,194.0,198.32,191.36,197.41,92739461
2024-02-23,0700.HK,282.1,288.5,279.1,282.9,13229798
2024-02-23,563300.SH,0.83,0.857,0.823,0.856,1216684840
2024-02-23,588000.SH,0.804,0.806,0.791,0.801,2345142085
2024-02-23,9868.HK,35.7,36.2,34.7,35.3,12984778
2024-02-23,TSLA,195.31,197.57,191.5,191.97,78841917
2024-02-26,0700.HK,279.5,282.3,277.5,279.3,12412426
2024-02-26,563300.SH,0.858,0.882,0.85,0.867,1411900764
2024-02-26,588000.SH,0.8,0.815,0.798,0.806,2804514042
2024-02-26,9868.HK,33.8,35.85,33.75,34.85,15267462
2024-02-26,TSLA,192.29,201.78,192.0,199.4,111747116
2024-02-27,0700.HK,278.3,278.3,270.3,276.7,23612599
2024-02-27,563300.SH,0.861,0.895,0.855,0.893,1165134521
2024-02-27,588000.SH,0.802,0.836,0.798,0.836,4058367574
2024-02-27,9868.HK,36.3,36.95,35.15,36.8,19154345
2024-02-27,TSLA,204.04,205.6,198.26,199.73,108645412
2024-02-28,0700.HK,277.1,277.9,268.5,269.1,25903478
2024-02-28,563300.SH,0.893,0.907,0.828,0.832,2090176758
2024-02-28,588000.SH,0.836,0.851,0.808,0.808,4562913553
2024-02-28,9868.HK,36.7,36.9,34.8,34.9,17589567
2024-02-28,TSLA,200.42,205.3,198.44,202.04,99806173
2024-02-29,0700.HK,267.3,271.1,266.7,269.3,29721885
2024-02-29,563300.SH,0.824,0.869,0.821,0.868,1128118368
2024-02-29,588000.SH,0.804,0.847,0.804,0.847,5035664118
2024-02-29,9868.HK,34.95,36.45,34.7,35.9,30763817
2024-02-29,TSLA,204.18,205.28,198.4463,201.88,85906974
2024-03-01,0700.HK,265.1,271.1,263.9,269.5,27952651
2024-03-01,563300.SH,0.87,0.885,0.865,0.882,851983700
2024-03-01,588000.SH,0.85,0.857,0.841,0.855,3692762167
2024-03-01,9868.HK,36.4,39.0,35.9,38.85,38798107
2024-03-01,TSLA,200.52,204.52,198.5,202.64,82243119
2024-03-04,0700.HK,269.5,272.1,266.9,268.3,13832089
2024-03-04,563300.SH,0.88,0.887,0.863,0.885,615351948
2024-03-04,588000.SH,0.857,0.862,0.845,0.856,3048235650
2024-03-04,9868.HK,38.85,38.95,36.6,37.05,23557947
2024-03-04,TSLA,198.73,199.75,186.72,188.14,134334869
2024-03-05,0700.HK,262.3,265.3,258.3,260.3,26055083
2024-03-05,563300.SH,0.879,0.883,0.868,0.872,534820157
2024-03-05,588000.SH,0.851,0.863,0.848,0.857,3234051163
2024-03-05,9868.HK,36.9,36.9,35.35,35.95,15114373
2024-03-05,TSLA,183.05,184.59,177.57,180.74,119660758
2024-03-06,0700.HK,258.1,269.1,257.9,266.7,23289346
2024-03-06,563300.SH,0.867,0.89,0.865,0.884,441751019
2024-03-06,588000.SH,0.854,0.861,0.842,0.85,2493796457
2024-03-06,9868.HK,36.1,38.8,36.1,37.7,14823356
2024-03-06,TSLA,179.99,181.576,173.7,176.54,107920944
2024-03-07,0700.HK,266.9,267.7,261.3,263.1,17159729
2024-03-07,563300.SH,0.884,0.894,0.872,0.874,418582048
2024-03-07,588000.SH,0.851,0.857,0.831,0.832,2989505587
2024-03-07,9868.HK,37.6,38.0,35.35,35.75,14124816
2024-03-07,TSLA,174.35,180.04,173.7,178.65,102129004
2024-03-08,0700.HK,264.1,267.7,262.1,262.1,12416156
2024-03-08,563300.SH,0.871,0.891,0.87,0.886,431637344
2024-03-08,588000.SH,0.833,0.845,0.829,0.841,2357676067
2024-03-08,9868.HK,36.5,37.25,36.5,36.7,7520851
2024-03-08,TSLA,181.5,182.73,174.7,175.34,85544644
2024-03-11,0700.HK,263.3,270.7,263.3,270.7,17866889
2024-03-11,563300.SH,0.884,0.909,0.883,0.908,285695816
2024-03-11,588000.SH,0.837,0.858,0.835,0.857,2730368797
2024-03-11,9868.HK,37.0,39.35,37.0,38.85,16494021
2024-03-11,TSLA,175.445,182.87,174.8,177.77,85391528
2024-03-12,0700.HK,274.1,284.7,272.3,282.9,36531141
2024-03-12,563300.SH,0.909,0.917,0.899,0.915,336517571
2024-03-12,588000.SH,0.858,0.867,0.851,0.856,2389597313
2024-03-12,9868.HK,39.4,42.15,39.4,41.25,20433025
2024-03-12,TSLA,177.77,179.43,172.4101,177.54,87391684
2024-03-13,0700.HK,283.5,286.1,280.7,282.7,20074418
2024-03-13,563300.SH,0.915,0.926,0.909,0.918,260367938
2024-03-13,588000.SH,0.859,0.864,0.851,0.853,2261286920
2024-03-13,9868.HK,40.3,41.25,39.95,40.5,11713542
2024-03-13,TSLA,173.05,176.05,169.15,169.48,106524518
2024-03-14,0700.HK,281.5,286.1,278.9,281.3,14227432
2024-03-14,563300.SH,0.915,0.921,0.897,0.909,273248000
2024-03-14,588000.SH,0.85,0.854,0.836,0.842,2473593756
2024-03-14,9868.HK,39.6,39.7,37.9,38.2,16006725
2024-03-14,TSLA,167.77,171.17,160.51,162.5,126325696
2024-03-15,0700.HK,275.1,278.3,271.7,275.9,29183023
2024-03-15,563300.SH,0.906,0.925,0.904,0.924,209820294
2024-03-15,588000.SH,0.841,0.848,0.833,0.847,2154484872
2024-03-15,9868.HK,36.95,37.85,36.5,37.8,21291797
2024-03-15,TSLA,163.16,165.1845,160.76,163.57,97146832
2024-03-18,0700.HK,274.3,283.5,274.3,281.9,19633305
2024-03-18,563300.SH,0.925,0.943,0.921,0.943,374971067
2024-03-18,588000.SH,0.847,0.865,0.847,0.864,3012554651
2024-03-18,9868.HK,38.2,40.75,38.2,40.5,17198243
2024-03-18,TSLA,170.02,174.72,165.9,173.8,108214358
2024-03-19,0700.HK,281.1,283.3,277.1,277.1,15635351
2024-03-19,563300.SH,0.938,0.944,0.933,0.935,282997403
2024-03-19,588000.SH,0.862,0.864,0.851,0.852,2530607701
2024-03-19,9868.HK,38.95,40.1,38.1,39.8,17625530
2024-03-19,TSLA,172.36,172.82,167.42,171.32,77271428
2024-03-20,0700.HK,277.5,282.3,275.1,280.9,15622235
2024-03-20,563300.SH,0.934,0.946,0.933,0.946,282029033
2024-03-20,588000.SH,0.851,0.856,0.846,0.854,1768341246
2024-03-20,9868.HK,39.5,41.6,38.5,40.55,21469376
2024-03-20,TSLA,173.0,176.25,170.82,175.66,83846726
2024-03-21,0700.HK,287.3,290.3,281.7,283.3,36868686
2024-03-21,563300.SH,0.947,0.95,0.935,0.944,354149792
2024-03-21,588000.SH,0.86,0.864,0.844,0.846,2927774961
2024-03-21,9868.HK,37.9,38.6,37.3,37.9,39554220
2024-03-21,TSLA,176.39,178.18,171.8,172.82,73178014
2024-03-22,0700.HK,279.5,282.5,274.5,280.9,26432205
2024-03-22,563300.SH,0.94,0.943,0.922,0.933,326950966
2024-03-22,588000.SH,0.842,0.848,0.831,0.832,2785309058
2024-03-22,9868.HK,36.7,37.05,34.25,34.55,28075321
2024-03-22,TSLA,166.69,171.2,166.3,170.83,75580637
2024-03-25,0700.HK,280.9,282.7,277.1,280.7,21127168
2024-03-25,563300.SH,0.928,0.937,0.91,0.911,374177579
2024-03-25,588000.SH,0.831,0.836,0.819,0.82,2342986848
2024-03-25,9868.HK,34.0,34.3,33.2,33.8,17110612
2024-03-25,TSLA,168.76,175.24,168.73,172.63,74228615
2024-03-26,0700.HK,278.1,292.7,278.1,291.5,33998571
2024-03-26,563300.SH,0.91,0.917,0.895,0.909,308727372
2024-03-26,588000.SH,0.819,0.825,0.806,0.81,2641757492
2024-03-26,9868.HK,34.2,34.75,33.7,34.25,10154478
2024-03-26,TSLA,178.58,184.25,177.38,177.67,113186227
2024-03-27,0700.HK,288.1,299.7,287.9,294.1,38753084
2024-03-27,563300.SH,0.908,0.91,0.879,0.881,207586400
2024-03-27,588000.SH,0.809,0.81,0.788,0.789,2721263796
2024-03-27,9868.HK,34.0,34.0,31.9,32.1,14968491
2024-03-27,TSLA,181.41,181.91,176.0,179.83,81804043
2024-03-28,0700.HK,294.1,301.7,293.5,295.9,30000843
2024-03-28,563300.SH,0.878,0.913,0.868,0.904,405206576
2024-03-28,588000.SH,0.788,0.809,0.788,0.799,2628323443
2024-03-28,9868.HK,30.8,33.5,30.55,32.1,29993134
2024-03-28,TSLA,177.45,179.57,175.3,175.79,77654838
2024-03-29,563300.SH,0.902,0.914,0.897,0.914,310655176
2024-03-29,588000.SH,0.798,0.801,0.788,0.8,2183507643
2024-04-01,563300.SH,0.917,0.933,0.917,0.932,181792400
2024-04-01,588000.SH,0.803,0.815,0.802,0.813,2244366947
2024-04-01,TSLA,176.17,176.75,170.21,175.22,81562127
2024-04-02,0700.HK,301.1,304.5,299.9,301.3,26561604
2024-04-02,563300.SH,0.931,0.931,0.92,0.928,197935200
2024-04-02,588000.SH,0.813,0.813,0.801,0.806,1924687754
2024-04-02,9868.HK,30.45,31.4,29.0,30.3,30907548
2024-04-02,TSLA,164.75,167.69,163.43,166.63,116650594
2024-04-03,0700.HK,304.1,304.1,298.5,300.5,19696947
2024-04-03,563300.SH,0.923,0.926,0.909,0.919,188163200
2024-04-03,588000.SH,0.806,0.807,0.792,0.794,2076199507
2024-04-03,9868.HK,30.0,30.05,28.35,28.75,22139334
2024-04-03,TSLA,164.02,168.82,163.28,168.38,82950141
2024-04-04,TSLA,170.07,177.19,168.01,171.11,123161960
2024-04-05,0700.HK,301.7,303.7,296.5,302.1,13582369
2024-04-05,9868.HK,29.05,29.45,28.2,28.95,9373901
2024-04-05,TSLA,169.08,170.86,160.51,164.9,143157603
2024-04-08,0700.HK,297.3,303.1,296.5,297.5,21656541
2024-04-08,563300.SH,0.914,0.916,0.9,0.901,163350200
2024-04-08,588000.SH,0.792,0.793,0.776,0.778,2143341973
2024-04-08,9868.HK,29.05,29.65,28.0,28.15,18505312
2024-04-08,TSLA,169.34,174.5,167.79,172.98,104423320
2024-04-09,0700.HK,299.5,300.9,295.1,297.1,17879375
2024-04-09,563300.SH,0.898,0.917,0.898,0.916,168501800
2024-04-09,588000.SH,0.776,0.786,0.772,0.785,2101408225
2024-04-09,9868.HK,28.7,30.0,28.35,29.85,20054480
2024-04-09,TSLA,172.91,179.22,171.92,176.88,103232675
2024-04-10,0700.HK,298.5,307.3,298.5,306.3,24730145
2024-04-10,563300.SH,0.913,0.913,0.884,0.893,227757100
2024-04-10,588000.SH,0.786,0.787,0.768,0.773,2281803175
2024-04-10,9868.HK,31.4,32.3,31.25,32.15,24575907
2024-04-10,TSLA,173.04,174.93,170.01,171.76,84532407
2024-04-11,0700.HK,301.9,308.7,301.1,307.1,18834968
2024-04-11,563300.SH,0.887,0.906,0.883,0.898,221920800
2024-04-11,588000.SH,0.771,0.783,0.77,0.774,2260656259
2024-04-11,9868.HK,31.6,32.75,31.4,32.3,16238637
2024-04-11,TSLA,172.55,175.88,168.51,174.6,94515987
2024-04-12,0700.HK,306.1,310.1,301.5,301.7,23031342
2024-04-12,563300.SH,0.895,0.903,0.89,0.892,170977108
2024-04-12,588000.SH,0.776,0.783,0.772,0.773,1989451201
2024-04-12,9868.HK,32.15,32.4,30.7,30.75,12682673
2024-04-12,TSLA,172.34,173.8099,170.3644,171.05,64722669
2024-04-15,0700.HK,296.7,300.9,295.9,296.5,18295291
2024-04-15,563300.SH,0.888,0.893,0.849,0.86,316716992
2024-04-15,588000.SH,0.773,0.79,0.771,0.785,2599767248
2024-04-15,9868.HK,29.55,30.0,29.0,29.3,13022426
2024-04-15,TSLA,170.24,170.69,161.38,161.48,100245310
2024-04-16,0700.HK,293.3,300.5,292.1,293.9,19691636
2024-04-16,563300.SH,0.851,0.856,0.809,0.827,545366800
2024-04-16,588000.SH,0.78,0.784,0.766,0.768,2243367359
2024-04-16,9868.HK,28.2,28.3,27.5,27.65,18542532
2024-04-16,TSLA,156.742,158.19,153.75,157.11,96999956
2024-04-17,0700.HK,293.9,296.1,289.9,292.9,14410544
2024-04-17,563300.SH,0.834,0.866,0.813,0.864,794095200
2024-04-17,588000.SH,0.772,0.786,0.77,0.785,2404663857
2024-04-17,9868.HK,28.05,28.5,27.85,28.25,8720746
2024-04-17,TSLA,157.64,158.33,153.78,155.45,82439718
2024-04-18,0700.HK,294.3,300.9,290.7,296.5,19058907
2024-04-18,563300.SH,0.852,0.865,0.844,0.851,573166175
2024-04-18,588000.SH,0.782,0.793,0.775,0.781,2870052218
2024-04-18,9868.HK,29.05,29.55,28.35,29.15,13042963
2024-04-18,TSLA,151.25,152.2,148.7,149.93,96098830
2024-04-19,0700.HK,295.5,297.5,291.7,295.9,19472600
2024-04-19,563300.SH,0.848,0.86,0.843,0.85,326598900
2024-04-19,588000.SH,0.776,0.777,0.764,0.765,2396393950
2024-04-19,9868.HK,27.85,27.95,26.95,27.0,16605443
2024-04-19,TSLA,148.97,150.94,146.22,147.05,87074500
2024-04-22,0700.HK,300.1,314.7,298.9,312.5,41133325
2024-04-22,563300.SH,0.845,0.855,0.83,0.846,117529013
2024-04-22,588000.SH,0.759,0.77,0.753,0.766,1979211860
2024-04-22,9868.HK,27.3,27.4,25.7,26.5,13946691
2024-04-22,TSLA,140.56,144.44,138.8025,142.05,107097564
2024-04-23,0700.HK,318.1,325.7,317.3,324.5,43821652
2024-04-23,563300.SH,0.846,0.857,0.845,0.849,173963141
2024-04-23,588000.SH,0.768,0.77,0.759,0.763,1706734911
2024-04-23,9868.HK,27.4,27.6,26.7,27.45,9801181
2024-04-23,TSLA,143.33,147.26,141.11,144.68,124545104
2024-04-24,0700.HK,329.9,337.1,327.5,336.3,41472682
2024-04-24,563300.SH,0.852,0.87,0.85,0.869,203522700
2024-04-24,588000.SH,0.765,0.774,0.762,0.773,1812966716
2024-04-24,9868.HK,28.55,28.75,27.7,28.5,12234295
2024-04-24,TSLA,162.84,167.97,157.51,162.13,181178020
2024-04-25,0700.HK,332.3,338.5,328.5,331.5,27727556
2024-04-25,563300.SH,0.863,0.875,0.859,0.866,152442900
2024-04-25,588000.SH,0.77,0.775,0.765,0.768,1776317263
2024-04-25,9868.HK,27.8,28.4,27.15,27.85,11420661
2024-04-25,TSLA,158.96,170.88,158.36,170.18,126427521
2024-04-26,0700.HK,332.1,343.9,332.1,340.5,29599531
2024-04-26,563300.SH,0.867,0.883,0.861,0.88,202643900
2024-04-26,588000.SH,0.768,0.789,0.768,0.787,3121651526
2024-04-26,9868.HK,27.85,30.6,27.85,30.3,23486539
2024-04-26,TSLA,168.85,172.12,166.37,168.29,109815725
2024-04-29,0700.HK,340.5,346.9,337.3,339.7,25416523
2024-04-29,563300.SH,0.881,0.903,0.88,0.903,220669100
2024-04-29,588000.SH,0.79,0.816,0.788,0.812,3443606947
2024-04-29,9868.HK,31.3,32.45,30.65,30.75,22957853
2024-04-29,TSLA,188.42,198.87,184.54,194.05,243869678
2024-04-30,0700.HK,341.7,342.9,336.1,339.3,15957023
2024-04-30,563300.SH,0.902,0.903,0.887,0.894,139667025
2024-04-30,588000.SH,0.81,0.812,0.801,0.804,2509667456
2024-04-30,9868.HK,31.9,32.5,31.15,31.55,15552089
2024-04-30,TSLA,186.98,190.95,182.8401,183.28,127031787
2024-05-01,TSLA,182.0,185.86,179.01,179.99,92829719
2024-05-02,0700.HK,341.1,353.3,337.5,352.5,22479610
2024-05-02,9868.HK,31.65,34.5,31.05,34.15,10657892
2024-05-02,TSLA,182.86,184.6,176.02,180.01,89148041
2024-05-03,0700.HK,363.1,364.7,352.7,356.5,23592345
2024-05-03,9868.HK,37.0,37.5,35.35,35.8,13902263
2024-05-03,TSLA,182.1,184.78,178.42,181.19,75491539
2024-05-06,0700.HK,356.7,365.1,355.1,362.3,26208326
2024-05-06,563300.SH,0.908,0.912,0.903,0.911,136826500
2024-05-06,588000.SH,0.817,0.821,0.81,0.813,2701045154
2024-05-06,9868.HK,35.1,35.5,33.9,34.65,25160352
2024-05-06,TSLA,183.8,187.56,182.2,184.76,84390253
2024-05-07,0700.HK,359.5,363.3,355.5,357.9,19408056
2024-05-07,563300.SH,0.909,0.916,0.906,0.915,123125400
2024-05-07,588000.SH,0.812,0.816,0.804,0.806,2158435274
2024-05-07,9868.HK,35.1,35.4,34.1,34.35,10702059
2024-05-07,TSLA,182.4,183.26,177.4,177.81,75045854
2024-05-08,0700.HK,358.5,363.9,351.9,353.5,20058148
2024-05-08,563300.SH,0.913,0.914,0.901,0.903,199136600
2024-05-08,588000.SH,0.804,0.805,0.796,0.797,1956625874
2024-05-08,9868.HK,33.1,33.65,32.05,32.25,20516963
2024-05-08,TSLA,171.59,176.06,170.15,174.72,79969488
2024-05-09,0700.HK,353.1,362.1,352.5,361.9,16026030
2024-05-09,563300.SH,0.9,0.918,0.9,0.912,109069100
2024-05-09,588000.SH,0.797,0.816,0.797,0.815,3113858131
2024-05-09,9868.HK,31.1,32.5,30.8,32.0,17883494
2024-05-09,TSLA,175.01,175.62,171.37,171.97,65950292
2024-05-10,0700.HK,365.9,366.3,357.1,363.1,15693045
2024-05-10,563300.SH,0.915,0.916,0.901,0.903,133372400
2024-05-10,588000.SH,0.815,0.816,0.801,0.804,2503171382
2024-05-10,9868.HK,32.15,32.55,31.15,31.95,15499632
2024-05-10,TSLA,173.05,173.0599,167.75,168.47,72627178
2024-05-13,0700.HK,360.7,372.1,360.1,370.3,20558084
2024-05-13,563300.SH,0.899,0.899,0.887,0.892,120604300
2024-05-13,588000.SH,0.798,0.805,0.793,0.798,1818134895
2024-05-13,9868.HK,30.55,31.7,29.8,30.75,23797137
2024-05-13,TSLA,170.0,175.4,169.0,171.89,67018903
2024-05-14,0700.HK,373.1,376.9,370.7,373.9,21603101
2024-05-14,563300.SH,0.895,0.903,0.892,0.898,84071100
2024-05-14,588000.SH,0.801,0.805,0.795,0.796,1725033120
2024-05-14,9868.HK,32.0,32.75,30.7,30.85,20587739
2024-05-14,TSLA,174.4959,179.49,174.07,177.55,86407422
2024-05-15,563300.SH,0.894,0.902,0.889,0.89,67019800
2024-05-15,588000.SH,0.795,0.796,0.784,0.784,2123827690
2024-05-15,TSLA,179.9,180.0,173.11,173.99,79662993
2024-05-16,0700.HK,392.1,393.1,386.7,389.1,58430778
2024-05-16,563300.SH,0.893,0.904,0.892,0.896,78712400
2024-05-16,588000.SH,0.786,0.79,0.779,0.781,2361833499
2024-05-16,9868.HK,31.2,31.55,30.2,31.45,12721336
2024-05-16,TSLA,174.1,175.79,171.43,174.84,59812220
2024-05-17,0700.HK,392.5,395.7,389.7,390.5,27916392
2024-05-17,563300.SH,0.895,0.905,0.89,0.903,97922300
2024-05-17,588000.SH,0.779,0.79,0.776,0.79,2246019681
2024-05-17,9868.HK,32.1,32.5,30.85,31.85,20785592
2024-05-17,TSLA,173.55,179.63,172.75,177.46,77445845
2024-05-20,0700.HK,392.5,395.3,388.3,390.5,22331961
2024-05-20,563300.SH,0.903,0.909,0.902,0.906,95501500
2024-05-20,588000.SH,0.789,0.796,0.785,0.789,2539761235
2024-05-20,9868.HK,32.4,34.55,32.4,34.25,32768081
2024-05-20,TSLA,177.56,177.754,173.52,174.95,61727425
2024-05-21,0700.HK,388.9,388.9,375.1,379.1,30679849
2024-05-21,563300.SH,0.901,0.905,0.896,0.897,85254100
2024-05-21,588000.SH,0.787,0.791,0.782,0.783,1592693477
2024-05-21,9868.HK,32.7,32.75,30.65,30.65,30310491
2024-05-21,TSLA,175.51,186.875,174.71,186.6,115266512
2024-05-22,0700.HK,374.7,382.3,372.1,379.9,22374764
2024-05-22,563300.SH,0.895,0.906,0.895,0.904,63498000
2024-05-22,588000.SH,0.784,0.792,0.778,0.789,2383369194
2024-05-22,9868.HK,33.6,35.15,33.1,34.65,45244821
2024-05-22,TSLA,182.85,183.8,178.12,180.11,88313477
2024-05-23,0700.HK,376.1,379.5,371.9,377.3,18323988
2024-05-23,563300.SH,0.9,0.901,0.881,0.884,102010500
2024-05-23,588000.SH,0.787,0.789,0.775,0.777,2280434231
2024-05-23,9868.HK,33.95,34.05,32.5,32.8,22482524
2024-05-23,TSLA,181.8,181.9,173.26,173.74,71975496
2024-05-24,0700.HK,373.7,378.1,370.3,372.5,19143321
2024-05-24,563300.SH,0.882,0.89,0.874,0.875,77979100
2024-05-24,588000.SH,0.776,0.781,0.76,0.761,2496314443
2024-05-24,9868.HK,31.9,32.6,31.65,31.8,14363198
2024-05-24,TSLA,174.835,180.08,173.73,179.24,65584478
2024-05-27,0700.HK,367.5,373.1,357.9,372.9,32132068
2024-05-27,563300.SH,0.877,0.887,0.866,0.883,78685400
2024-05-27,588000.SH,0.76,0.773,0.753,0.772,2696641061
2024-05-27,9868.HK,32.15,32.7,31.05,32.55,8185812
2024-05-28,0700.HK,372.7,381.5,368.9,375.7,16614787
2024-05-28,563300.SH,0.88,0.884,0.875,0.876,68036400
2024-05-28,588000.SH,0.77,0.78,0.768,0.769,2287581302
2024-05-28,9868.HK,32.5,33.5,32.0,32.35,10056399
2024-05-28,TSLA,176.4,178.25,173.16,176.75,59736620
2024-05-29,0700.HK,372.9,375.3,365.1,366.5,27378220
2024-05-29,563300.SH,0.875,0.884,0.872,0.877,65808500
2024-05-29,588000.SH,0.768,0.775,0.765,0.769,1750536516
2024-05-29,9868.HK,33.0,33.15,32.2,32.4,9131401
2024-05-29,TSLA,174.19,178.15,173.93,176.19,54782649
2024-05-30,0700.HK,365.5,369.7,361.3,363.5,22006500
2024-05-30,563300.SH,0.875,0.881,0.867,0.871,80358100
2024-05-30,588000.SH,0.768,0.781,0.764,0.777,2523032669
2024-05-30,9868.HK,32.0,32.1,31.3,31.8,9277116
2024-05-30,TSLA,178.575,182.67,175.38,178.79,77784755
2024-05-31,0700.HK,366.7,374.5,355.3,355.3,40035868
2024-05-31,563300.SH,0.872,0.881,0.871,0.877,67156600
2024-05-31,588000.SH,0.778,0.786,0.775,0.778,1943624540
2024-05-31,9868.HK,33.4,34.1,32.3,32.35,26666733
2024-05-31,TSLA,178.5,180.32,173.82,178.08,67314602
2024-06-03,0700.HK,362.3,374.5,362.1,370.5,28125374
2024-06-03,563300.SH,0.874,0.875,0.854,0.861,102827100
2024-06-03,588000.SH,0.778,0.79,0.776,0.785,2806203509
2024-06-03,9868.HK,32.8,33.25,32.35,32.65,11374766
2024-06-03,TSLA,178.13,182.6389,174.49,176.29,68568920
2024-06-04,0700.HK,370.5,375.1,369.3,372.9,18043066
2024-06-04,563300.SH,0.855,0.858,0.843,0.854,139320700
2024-06-04,588000.SH,0.784,0.791,0.781,0.789,1990277172
2024-06-04,9868.HK,32.1,32.6,31.7,32.3,7834337
2024-06-04,TSLA,174.775,177.755,174.0,174.77,60056340
2024-06-05,0700.HK,373.1,383.3,373.1,376.3,20205424
2024-06-05,563300.SH,0.852,0.852,0.836,0.837,213647600
2024-06-05,588000.SH,0.788,0.798,0.786,0.788,2461233690
2024-06-05,9868.HK,32.0,33.25,31.85,32.7,9819966
2024-06-05,TSLA,175.35,176.15,172.13,175.0,57953756
2024-06-06,0700.HK,382.9,386.5,374.5,377.1,18888938
2024-06-06,563300.SH,0.84,0.841,0.802,0.825,729690593
2024-06-06,588000.SH,0.792,0.795,0.777,0.779,2569443536
2024-06-06,9868.HK,33.4,33.5,32.35,32.75,8312610
2024-06-06,TSLA,174.6,179.73,172.73,177.94,69887024
2024-06-07,0700.HK,378.5,380.1,368.3,370.3,25247259
2024-06-07,563300.SH,0.824,0.83,0.808,0.818,583719055
2024-06-07,588000.SH,0.779,0.786,0.768,0.775,2574002772
2024-06-07,9868.HK,32.75,32.75,31.85,32.4,21309384
2024-06-07,TSLA,176.13,179.35,175.58,177.48,56244932
2024-06-10,TSLA,176.06,178.57,173.17,173.79,50869682
2024-06-11,0700.HK,362.9,373.3,362.9,369.3,26496779
2024-06-11,563300.SH,0.815,0.826,0.803,0.823,395619200
2024-06-11,588000.SH,0.774,0.795,0.772,0.794,3857240284
2024-06-11,9868.HK,31.5,31.5,30.5,31.15,20071007
2024-06-11,TSLA,173.92,174.75,167.41,170.66,64761928
2024-06-12,0700.HK,369.3,373.3,365.1,366.3,14960058
2024-06-12,563300.SH,0.82,0.837,0.82,0.835,424568300
2024-06-12,588000.SH,0.797,0.799,0.791,0.793,2826646888
2024-06-12,9868.HK,29.6,30.0,29.35,29.5,19525136
2024-06-12,TSLA,171.12,180.55,169.8,177.29,90389446
2024-06-13,0700.HK,371.9,376.1,369.1,375.3,15337042
2024-06-13,563300.SH,0.834,0.838,0.829,0.831,306563800
2024-06-13,588000.SH,0.795,0.804,0.793,0.796,3283896592
2024-06-13,9868.HK,29.7,30.15,28.9,29.05,14843806
2024-06-13,TSLA,188.39,191.08,181.23,182.47,118984122
2024-06-14,0700.HK,379.1,379.1,374.1,375.3,20859332
2024-06-14,563300.SH,0.827,0.833,0.821,0.832,127416700
2024-06-14,588000.SH,0.794,0.794,0.788,0.791,2603568840
2024-06-14,9868.HK,28.75,29.1,28.3,28.7,10293200
2024-06-14,TSLA,185.8,186.0,176.92,178.01,82038194
2024-06-17,0700.HK,371.7,381.3,370.3,376.7,15281150
2024-06-17,563300.SH,0.829,0.833,0.823,0.827,85363700
2024-06-17,588000.SH,0.788,0.797,0.786,0.794,2131849282
2024-06-17,9868.HK,28.35,28.8,27.85,28.35,7223902
2024-06-17,TSLA,177.92,188.81,177.0,187.44,109786083
2024-06-18,0700.HK,376.9,379.3,372.5,372.5,14278934
2024-06-18,563300.SH,0.826,0.842,0.826,0.841,146205900
2024-06-18,588000.SH,0.794,0.801,0.789,0.794,2238953282
2024-06-18,9868.HK,28.4,28.9,28.3,28.35,6686677
2024-06-18,TSLA,186.56,187.2,182.37,184.86,68982265
2024-06-19,0700.HK,375.9,386.5,373.9,384.5,22313477
2024-06-19,563300.SH,0.84,0.843,0.832,0.835,123097000
2024-06-19,588000.SH,0.794,0.796,0.783,0.787,2690606410
2024-06-19,9868.HK,29.1,29.85,28.9,29.85,9089367
2024-06-20,0700.HK,387.5,387.5,381.1,383.1,14049005
2024-06-20,563300.SH,0.835,0.835,0.815,0.816,123005700
2024-06-20,588000.SH,0.789,0.803,0.786,0.791,4211952895
2024-06-20,9868.HK,29.85,29.95,29.2,29.4,5992376
2024-06-20,TSLA,184.68,185.21,179.66,181.57,55893139
2024-06-21,0700.HK,379.3,380.7,373.5,376.9,25855005
2024-06-21,563300.SH,0.812,0.822,0.808,0.816,100192500
2024-06-21,588000.SH,0.787,0.796,0.78,0.795,2969518670
2024-06-21,9868.HK,29.45,29.6,29.05,29.45,10822011
2024-06-21,TSLA,182.3,183.95,180.69,183.01,63029482
2024-06-24,0700.HK,373.1,376.5,369.5,375.9,12919565
2024-06-24,563300.SH,0.807,0.809,0.782,0.785,211362900
2024-06-24,588000.SH,0.793,0.799,0.772,0.774,3807684522
2024-06-24,9868.HK,29.7,30.5,29.55,30.4,9645694
2024-06-24,TSLA,184.97,188.8,182.55,182.58,61992070
2024-06-25,0700.HK,377.3,380.5,374.1,377.5,12789522
2024-06-25,563300.SH,0.785,0.793,0.777,0.785,154088900
2024-06-25,588000.SH,0.773,0.774,0.747,0.751,3867505752
2024-06-25,9868.HK,30.65,30.95,30.1,30.5,9871339
2024-06-25,TSLA,184.4,187.97,182.01,187.35,63678265
2024-06-26,0700.HK,374.7,378.5,372.5,377.5,11886907
2024-06-26,563300.SH,0.779,0.808,0.775,0.807,291958300
2024-06-26,588000.SH,0.751,0.767,0.747,0.764,2878462088
2024-06-26,9868.HK,30.85,31.45,30.5,31.0,8199306
2024-06-26,TSLA,186.54,197.755,186.36,196.37,95737066
2024-06-27,0700.HK,375.1,375.5,367.7,369.9,17513758
2024-06-27,563300.SH,0.8,0.806,0.787,0.788,248090100
2024-06-27,588000.SH,0.76,0.762,0.749,0.75,2249603485
2024-06-27,9868.HK,31.85,31.85,30.6,30.65,11400830
2024-06-27,TSLA,195.17,198.72,194.05,197.42,72746521
2024-06-28,0700.HK,367.1,371.5,366.3,367.9,15561097
2024-06-28,563300.SH,0.785,0.805,0.783,0.794,204728300
2024-06-28,588000.SH,0.749,0.759,0.743,0.745,2481693174
2024-06-28,9868.HK,29.6,30.35,29.2,29.55,8563498
2024-06-28,TSLA,199.55,203.2,195.26,197.88,95438068
2024-07-01,563300.SH,0.789,0.802,0.785,0.801,148925100
2024-07-01,588000.SH,0.745,0.748,0.732,0.743,2215047916
2024-07-01,TSLA,201.02,213.23,200.85,209.86,135691395
2024-07-02,0700.HK,362.5,371.7,360.7,364.7,27266647
2024-07-02,563300.SH,0.8,0.806,0.795,0.799,109946700
2024-07-02,588000.SH,0.741,0.742,0.73,0.732,2302429483
2024-07-02,9868.HK,30.1,31.0,29.55,29.85,9718623
2024-07-02,TSLA,218.89,231.3,218.06,231.26,205047920
2024-07-03,0700.HK,362.3,376.3,362.3,374.9,22256951
2024-07-03,563300.SH,0.799,0.8,0.79,0.791,87914200
2024-07-03,588000.SH,0.733,0.741,0.725,0.734,2193055711
2024-07-03,9868.HK,29.75,30.65,29.55,30.1,10086587
2024-07-03,TSLA,234.56,248.35,234.25,246.39,166561471
2024-07-04,0700.HK,382.3,382.3,374.1,377.9,15437093
2024-07-04,563300.SH,0.791,0.793,0.767,0.771,192847400
2024-07-04,588000.SH,0.735,0.738,0.722,0.723,2198912880
2024-07-04,9868.HK,32.45,32.7,31.1,31.35,19020750
2024-07-05,0700.HK,380.3,381.1,374.3,375.3,10522095
2024-07-05,563300.SH,0.767,0.781,0.758,0.776,227024800
2024-07-05,588000.SH,0.721,0.733,0.715,0.731,2513605282
2024-07-05,9868.HK,31.45,31.45,29.85,30.4,11322580
2024-07-05,TSLA,249.81,252.37,242.4601,251.52,154501152
2024-07-08,0700.HK,377.3,378.7,371.1,374.1,11623215
2024-07-08,563300.SH,0.77,0.774,0.754,0.755,177311400
2024-07-08,588000.SH,0.729,0.736,0.721,0.724,1873949181
2024-07-08,9868.HK,30.5,30.7,29.0,29.65,11231294
2024-07-08,TSLA,247.71,259.439,244.57,252.94,157219580
2024-07-09,0700.HK,372.5,377.7,371.5,376.5,13024401
2024-07-09,563300.SH,0.752,0.77,0.743,0.77,306777000
2024-07-09,588000.SH,0.722,0.745,0.721,0.742,2904143451
2024-07-09,9868.HK,29.35,29.35,28.25,29.0,9465103
2024-07-09,TSLA,251.0,265.61,250.3,262.33,160742516
2024-07-10,0700.HK,380.7,381.3,372.3,373.1,15586645
2024-07-10,563300.SH,0.765,0.773,0.761,0.764,226416100
2024-07-10,588000.SH,0.74,0.748,0.738,0.743,1941534534
2024-07-10,9868.HK,29.15,29.95,28.6,29.6,7941158
2024-07-10,TSLA,262.8,267.59,257.86,263.26,128519430
2024-07-11,0700.HK,374.9,381.5,373.7,380.3,16590064
2024-07-11,563300.SH,0.776,0.793,0.774,0.792,251080100
2024-07-11,588000.SH,0.754,0.758,0.744,0.751,2514211345
2024-07-11,9868.HK,31.2,33.4,31.1,33.05,31673406
2024-07-11,TSLA,263.3,271.0,239.65,241.03,221707273
2024-07-12,0700.HK,386.3,392.7,384.7,392.5,27521352
2024-07-12,563300.SH,0.791,0.794,0.783,0.788,175482100
2024-07-12,588000.SH,0.747,0.754,0.743,0.752,1988011226
2024-07-12,9868.HK,34.1,34.45,33.15,34.45,19342434
2024-07-12,TSLA,235.8,251.84,233.0912,248.23,155955773
2024-07-15,0700.HK,388.7,392.5,384.1,385.7,13680185
2024-07-15,563300.SH,0.784,0.785,0.772,0.774,131175000
2024-07-15,588000.SH,0.749,0.753,0.745,0.748,1560529948
2024-07-15,9868.HK,34.2,34.4,32.6,32.9,10724864
2024-07-15,TSLA,255.97,265.6,251.73,252.64,146912920
2024-07-16,0700.HK,381.5,382.9,373.3,373.5,19061149
2024-07-16,563300.SH,0.77,0.777,0.767,0.775,137795200
2024-07-16,588000.SH,0.746,0.766,0.743,0.764,3261281158
2024-07-16,9868.HK,32.95,34.0,32.65,33.55,11284559
2024-07-16,TSLA,255.31,258.62,245.8001,256.56,126332470
2024-07-17,0700.HK,370.5,372.9,363.9,367.3,25857823
2024-07-17,563300.SH,0.773,0.775,0.762,0.765,178469600
2024-07-17,588000.SH,0.763,0.769,0.761,0.762,2000239412
2024-07-17,9868.HK,34.4,35.3,34.35,34.6,15237976
2024-07-17,TSLA,252.73,258.47,246.182,248.5,115584810
2024-07-18,0700.HK,363.5,367.1,362.5,364.7,18944747
2024-07-18,563300.SH,0.758,0.765,0.747,0.762,303955300
2024-07-18,588000.SH,0.757,0.773,0.751,0.769,2608322986
2024-07-18,9868.HK,33.5,33.6,32.55,32.8,9564542
2024-07-18,TSLA,251.09,257.14,247.2,249.23,110869037
2024-07-19,0700.HK,362.1,363.9,358.5,359.5,23088518
2024-07-19,563300.SH,0.756,0.771,0.756,0.764,279244818
2024-07-19,588000.SH,0.765,0.785,0.764,0.784,3129917922
2024-07-19,9868.HK,32.55,33.45,32.1,32.4,11529313
2024-07-19,TSLA,247.79,249.44,236.83,239.2,87403903
2024-07-22,0700.HK,362.7,371.3,360.9,368.7,16960926
2024-07-22,563300.SH,0.763,0.772,0.762,0.769,181234100
2024-07-22,588000.SH,0.784,0.792,0.781,0.787,2350035780
2024-07-22,9868.HK,33.35,34.15,32.45,33.65,11780305
2024-07-22,TSLA,244.21,253.21,243.75,251.51,101225430
2024-07-23,0700.HK,370.5,371.9,361.5,361.7,12104461
2024-07-23,563300.SH,0.768,0.774,0.753,0.754,163272118
2024-07-23,588000.SH,0.786,0.786,0.755,0.756,2670541940
2024-07-23,9868.HK,34.9,34.95,33.75,33.95,11726488
2024-07-23,TSLA,253.6,255.7594,245.63,246.38,111928192
2024-07-24,0700.HK,361.3,365.1,356.1,358.7,11800216
2024-07-24,563300.SH,0.75,0.757,0.741,0.743,177384791
2024-07-24,588000.SH,0.754,0.76,0.745,0.746,2071762357
2024-07-24,9868.HK,32.95,32.95,31.85,32.25,9371060
2024-07-24,TSLA,225.42,225.99,214.71,215.99,167942939
2024-07-25,0700.HK,355.7,357.1,346.5,346.7,25787277
2024-07-25,563300.SH,0.738,0.754,0.735,0.745,187493640
2024-07-25,588000.SH,0.743,0.757,0.742,0.748,1664209875
2024-07-25,9868.HK,31.6,32.15,31.15,31.65,7350766
2024-07-25,TSLA,216.8,226.0,216.231,220.25,100636466
2024-07-26,0700.HK,348.3,353.9,347.9,349.9,13267324
2024-07-26,563300.SH,0.744,0.759,0.744,0.759,190130600
2024-07-26,588000.SH,0.749,0.758,0.744,0.753,1724821927
2024-07-26,9868.HK,32.15,32.4,31.65,32.2,5503743
2024-07-26,TSLA,221.19,222.2799,215.33,219.8,94604145
2024-07-29,0700.HK,355.3,357.5,349.3,353.7,12872249
2024-07-29,563300.SH,0.757,0.763,0.752,0.759,161272140
2024-07-29,588000.SH,0.754,0.755,0.739,0.74,1791358543
2024-07-29,9868.HK,33.3,33.3,32.45,32.5,8224823
2024-07-29,TSLA,224.9,234.27,224.7,232.1,129201789
2024-07-30,0700.HK,350.9,353.1,347.9,349.1,9749595
2024-07-30,563300.SH,0.756,0.769,0.755,0.766,160956640
2024-07-30,588000.SH,0.738,0.746,0.733,0.743,2028337149
2024-07-30,9868.HK,32.3,32.3,31.0,31.25,9495013
2024-07-30,TSLA,232.25,232.41,220.0,222.62,100560334
2024-07-31,0700.HK,347.7,362.3,346.5,357.7,20304313
2024-07-31,563300.SH,0.762,0.795,0.761,0.794,388574800
2024-07-31,588000.SH,0.742,0.78,0.74,0.778,3664175217
2024-07-31,9868.HK,31.5,32.55,31.2,32.35,9026878
2024-07-31,TSLA,227.9,234.68,226.7875,232.07,67497011
2024-08-01,0700.HK,359.3,364.1,359.1,361.1,12412285
2024-08-01,563300.SH,0.793,0.799,0.789,0.795,225323700
2024-08-01,588000.SH,0.779,0.784,0.77,0.774,2644044869
2024-08-01,9868.HK,32.1,32.1,30.85,31.0,11258837
2024-08-01,TSLA,227.69,231.867,214.3328,216.86,83861898
2024-08-02,0700.HK,356.3,360.9,351.7,353.7,17707597
2024-08-02,563300.SH,0.787,0.798,0.782,0.784,248385780
2024-08-02,588000.SH,0.767,0.777,0.758,0.762,2596495552
2024-08-02,9868.HK,29.9,30.35,29.1,29.45,13589044
2024-08-02,TSLA,214.88,216.13,205.78,207.67,82880120
2024-08-05,0700.HK,347.5,359.7,344.5,352.1,22963458
2024-08-05,563300.SH,0.777,0.792,0.762,0.763,223345000
2024-08-05,588000.SH,0.756,0.765,0.738,0.738,3251040800
2024-08-05,9868.HK,28.9,30.05,28.4,28.65,12747935
2024-08-05,TSLA,185.22,203.8799,182.0,198.88,100308836
2024-08-06,0700.HK,356.1,358.9,344.9,349.9,17674374
2024-08-06,563300.SH,0.777,0.781,0.768,0.78,218322700
2024-08-06,588000.SH,0.747,0.752,0.739,0.748,2195467944
2024-08-06,9868.HK,29.3,29.65,28.45,28.65,8716800
2024-08-06,TSLA,200.75,202.9,192.67,200.64,73783942
2024-08-07,0700.HK,350.7,360.9,350.7,358.9,15840290
2024-08-07,563300.SH,0.778,0.786,0.776,0.78,119761300
2024-08-07,588000.SH,0.748,0.751,0.741,0.742,1692051142
2024-08-07,9868.HK,28.5,28.55,27.5,27.65,18738679
2024-08-07,TSLA,200.77,203.49,191.48,191.76,71159778
2024-08-08,0700.HK,356.7,369.9,354.9,363.7,18811540
2024-08-08,563300.SH,0.775,0.783,0.768,0.778,165603976
2024-08-08,588000.SH,0.739,0.752,0.734,0.745,2193249828
2024-08-08,9868.HK,26.9,27.45,26.4,26.7,14036724
2024-08-08,TSLA,195.7,200.7,192.04,198.84,65033874
2024-08-09,0700.HK,366.9,371.5,363.9,365.5,16353916
2024-08-09,563300.SH,0.778,0.783,0.771,0.773,114400000
2024-08-09,588000.SH,0.751,0.754,0.74,0.742,1853697260
2024-08-09,9868.HK,27.5,27.9,27.2,27.7,9369618
2024-08-09,TSLA,197.05,200.88,195.11,200.0,58648274
2024-08-12,0700.HK,367.5,372.1,365.5,370.5,10215275
2024-08-12,563300.SH,0.768,0.773,0.762,0.766,97196200
2024-08-12,588000.SH,0.739,0.744,0.737,0.742,1336901803
2024-08-12,9868.HK,27.0,27.15,26.25,26.55,10906000
2024-08-12,TSLA,199.02,199.26,194.67,197.49,64044903
2024-08-13,0700.HK,371.5,376.1,371.1,374.1,13590391
2024-08-13,563300.SH,0.767,0.772,0.758,0.772,105982800
2024-08-13,588000.SH,0.742,0.746,0.737,0.746,1497595792
2024-08-13,9868.HK,26.2,26.35,25.5,26.05,11091360
2024-08-13,TSLA,198.47,208.49,197.06,207.83,76247387
2024-08-14,0700.HK,374.1,374.9,364.9,369.3,18692686
2024-08-14,563300.SH,0.771,0.775,0.767,0.769,96906200
2024-08-14,588000.SH,0.746,0.746,0.735,0.736,1529325616
2024-08-14,9868.HK,26.9,27.1,26.25,26.5,9084334
2024-08-14,TSLA,207.39,208.44,198.75,201.38,70250014
2024-08-15,0700.HK,361.7,370.3,359.7,363.9,21443850
2024-08-15,563300.SH,0.765,0.781,0.763,0.779,183247000
2024-08-15,588000.SH,0.734,0.75,0.732,0.743,2425959297
2024-08-15,9868.HK,25.9,26.75,25.7,26.35,6915625
2024-08-15,TSLA,205.02,215.88,204.82,214.14,89848530
2024-08-16,0700.HK,367.5,370.7,364.3,368.1,16414338
2024-08-16,563300.SH,0.779,0.783,0.775,0.775,100438000
2024-08-16,588000.SH,0.742,0.746,0.738,0.74,1726993756
2024-08-16,9868.HK,26.55,26.9,26.45,26.6,7059852
2024-08-16,TSLA,211.15,219.8,210.8,216.12,88765122
2024-08-19,0700.HK,373.1,373.1,366.7,368.1,15210162
2024-08-19,563300.SH,0.775,0.781,0.77,0.773,148197823
2024-08-19,588000.SH,0.74,0.747,0.738,0.739,1735148403
2024-08-19,9868.HK,26.95,27.95,26.95,27.6,11504800
2024-08-19,TSLA,217.07,222.98,214.09,222.72,76435222
2024-08-20,0700.HK,368.3,369.3,364.5,365.9,11852608
2024-08-20,563300.SH,0.771,0.771,0.756,0.759,130978123
2024-08-20,588000.SH,0.739,0.74,0.725,0.728,2113885090
2024-08-20,9868.HK,28.1,28.4,27.2,27.55,9843222
2024-08-20,TSLA,224.88,228.22,219.56,221.1,74001182
2024-08-21,0700.HK,362.9,369.3,360.7,367.1,11647083
2024-08-21,563300.SH,0.755,0.761,0.755,0.758,84053000
2024-08-21,588000.SH,0.726,0.733,0.724,0.726,1525918543
2024-08-21,9868.HK,26.45,27.4,26.0,26.95,11452041
2024-08-21,TSLA,222.67,224.6594,218.86,223.27,70145964
2024-08-22,0700.HK,370.3,373.3,366.7,373.3,16786859
2024-08-22,563300.SH,0.756,0.76,0.74,0.747,124981300
2024-08-22,588000.SH,0.727,0.73,0.717,0.719,1754093903
2024-08-22,9868.HK,27.55,27.75,26.55,27.6,12052841
2024-08-22,TSLA,223.82,224.8,210.32,210.66,79514482
2024-08-23,0700.HK,372.5,374.1,369.1,371.1,13055635
2024-08-23,563300.SH,0.741,0.746,0.734,0.741,121889548
2024-08-23,588000.SH,0.717,0.722,0.709,0.72,2195187285
2024-08-23,9868.HK,27.3,27.3,26.85,27.15,6773220
2024-08-23,TSLA,214.455,221.48,214.21,220.32,81525207
2024-08-26,0700.HK,373.5,380.3,373.1,377.5,16251125
2024-08-26,563300.SH,0.738,0.751,0.738,0.75,263180100
2024-08-26,588000.SH,0.718,0.723,0.713,0.715,1463306260
2024-08-26,9868.HK,27.55,29.15,27.55,29.05,16339343
2024-08-26,TSLA,218.75,219.09,211.01,213.21,59301187
2024-08-27,0700.HK,373.5,378.1,372.7,377.3,13675535
2024-08-27,563300.SH,0.747,0.747,0.735,0.738,144876400
2024-08-27,588000.SH,0.714,0.714,0.705,0.708,1854867678
2024-08-27,9868.HK,29.1,30.35,28.75,30.3,13509146
2024-08-27,TSLA,213.25,215.66,206.94,209.21,62821390
2024-08-28,0700.HK,378.5,378.5,367.9,369.7,14602521
2024-08-28,563300.SH,0.736,0.747,0.732,0.74,194698600
2024-08-28,588000.SH,0.706,0.709,0.702,0.704,1500798249
2024-08-28,9868.HK,31.0,31.3,30.35,30.95,19484229
2024-08-28,TSLA,209.72,211.84,202.59,205.75,64116350
2024-08-29,0700.HK,365.5,373.5,364.5,373.1,12890430
2024-08-29,563300.SH,0.735,0.755,0.73,0.752,219162348
2024-08-29,588000.SH,0.701,0.717,0.699,0.713,2111117421
2024-08-29,9868.HK,28.7,29.75,27.95,29.4,19756941
2024-08-29,TSLA,209.8,214.89,205.97,206.28,62308818
2024-08-30,0700.HK,373.1,381.1,372.3,377.5,30873303
2024-08-30,563300.SH,0.75,0.779,0.75,0.769,316539548
2024-08-30,588000.SH,0.711,0.735,0.71,0.728,3176350726
2024-08-30,9868.HK,30.6,32.8,30.25,31.85,29971713
2024-08-30,TSLA,208.63,214.5701,207.03,214.11,63370608
2024-09-02,0700.HK,375.5,378.7,371.9,373.3,13878671
2024-09-02,563300.SH,0.765,0.771,0.754,0.754,249909700
2024-09-02,588000.SH,0.725,0.729,0.703,0.703,2634563426
2024-09-02,9868.HK,32.25,32.3,31.4,31.6,10756638
2024-09-03,0700.HK,373.5,376.9,370.3,373.7,9814885
2024-09-03,563300.SH,0.753,0.767,0.753,0.765,331716400
2024-09-03,588000.SH,0.702,0.715,0.702,0.708,1735176124
2024-09-03,9868.HK,31.7,33.25,31.55,32.2,12004479
2024-09-03,TSLA,215.26,219.9043,209.64,210.6,76714222
2024-09-04,0700.HK,369.7,372.1,366.7,368.3,13278870
2024-09-04,563300.SH,0.758,0.767,0.755,0.758,149498700
2024-09-04,588000.SH,0.703,0.712,0.699,0.705,1718601154
2024-09-04,9868.HK,32.6,33.25,32.1,32.7,10816652
2024-09-04,TSLA,210.59,222.22,210.57,219.41,80651767
2024-09-05,0700.HK,365.9,372.1,365.9,368.9,9576319
2024-09-05,563300.SH,0.758,0.77,0.758,0.768,168457800
2024-09-05,588000.SH,0.705,0.714,0.701,0.705,1795917036
2024-09-05,9868.HK,33.25,33.7,32.75,33.2,11042043
2024-09-05,TSLA,223.49,235.0,222.25,230.17,119355013
2024-09-06,563300.SH,0.77,0.771,0.751,0.755,160640600
2024-09-06,588000.SH,0.706,0.707,0.694,0.696,1977847734
2024-09-06,TSLA,232.6,233.6,210.51,210.73,112177004
2024-09-09,0700.HK,365.5,366.7,360.7,366.7,20078164
2024-09-09,563300.SH,0.749,0.756,0.742,0.75,131700300
2024-09-09,588000.SH,0.692,0.698,0.685,0.687,1904647894
2024-09-09,9868.HK,33.2,33.85,32.2,32.4,19223412
2024-09-09,TSLA,216.2,219.87,213.67,216.27,67443518
2024-09-10,0700.HK,364.7,366.1,361.5,364.1,12303441
2024-09-10,563300.SH,0.751,0.757,0.739,0.752,162657600
2024-09-10,588000.SH,0.689,0.696,0.68,0.692,2033924379
2024-09-10,9868.HK,33.0,33.8,32.6,33.05,15686807
2024-09-10,TSLA,220.07,226.4,218.6377,226.17,78891136
2024-09-11,0700.HK,362.1,366.1,360.5,365.7,12043623
2024-09-11,563300.SH,0.748,0.754,0.744,0.747,116281200
2024-09-11,588000.SH,0.689,0.698,0.688,0.695,1881168360
2024-09-11,9868.HK,33.75,34.5,33.6,34.15,13283276
2024-09-11,TSLA,224.55,228.47,216.8003,228.13,83548633
2024-09-12,0700.HK,366.5,372.5,365.1,368.1,13800366
2024-09-12,563300.SH,0.749,0.758,0.746,0.747,139664200
2024-09-12,588000.SH,0.697,0.704,0.69,0.69,1625458931
2024-09-12,9868.HK,35.15,35.3,34.25,34.6,10000790
2024-09-12,TSLA,224.66,231.45,223.83,229.81,72020042
2024-09-13,0700.HK,368.3,372.3,368.3,370.3,11013765
2024-09-13,563300.SH,0.747,0.748,0.734,0.735,126694600
2024-09-13,588000.SH,0.689,0.694,0.681,0.683,1555430659
2024-09-13,9868.HK,33.45,34.65,33.0,34.15,8884969
2024-09-13,TSLA,228.0,232.67,226.32,230.29,59515114
2024-09-16,0700.HK,368.1,373.3,365.9,373.3,7689238
2024-09-16,9868.HK,34.6,35.1,34.05,35.1,2926540
2024-09-16,TSLA,229.3,229.96,223.53,226.78,54322995
2024-09-17,0700.HK,367.5,376.9,367.5,375.5,10147851
2024-09-17,9868.HK,35.2,35.85,34.5,35.5,3572243
2024-09-17,TSLA,229.45,234.57,226.5533,227.87,66761636
2024-09-18,563300.SH,0.733,0.736,0.72,0.73,166464600
2024-09-18,588000.SH,0.685,0.686,0.671,0.678,1896853305
2024-09-18,TSLA,230.09,235.68,226.88,227.2,78010204
2024-09-19,0700.HK,375.1,385.3,372.1,384.3,25801963
2024-09-19,563300.SH,0.732,0.753,0.731,0.75,328271600
2024-09-19,588000.SH,0.68,0.69,0.673,0.683,2470049273
2024-09-19,9868.HK,34.1,35.8,33.95,35.6,11660244
2024-09-19,TSLA,234.0,244.24,232.13,243.92,102694576
2024-09-20,0700.HK,385.5,388.9,379.3,384.1,28407069
2024-09-20,563300.SH,0.746,0.749,0.741,0.746,177993800
2024-09-20,588000.SH,0.682,0.685,0.673,0.678,1962868101
2024-09-20,9868.HK,36.55,39.45,36.25,38.05,31722264
2024-09-20,TSLA,241.52,243.99,235.92,238.25,99879070
2024-09-23,0700.HK,383.5,387.5,380.7,383.1,15223032
2024-09-23,563300.SH,0.747,0.753,0.742,0.747,137480100
2024-09-23,588000.SH,0.678,0.685,0.673,0.674,1885836864
2024-09-23,9868.HK,38.05,38.3,37.0,37.2,11928397
2024-09-23,TSLA,242.61,250.0,241.92,250.0,86927194
2024-09-24,0700.HK,388.5,397.7,384.9,397.7,42919010
2024-09-24,563300.SH,0.755,0.777,0.747,0.775,503589900
2024-09-24,588000.SH,0.68,0.7,0.671,0.699,4343124347
2024-09-24,9868.HK,38.05,39.6,37.65,39.6,17733440
2024-09-24,TSLA,254.08,257.19,249.0501,254.27,88490999
2024-09-25,0700.HK,413.5,413.5,396.9,400.9,40112126
2024-09-25,563300.SH,0.779,0.797,0.776,0.782,462029500
2024-09-25,588000.SH,0.706,0.718,0.699,0.7,5141748568
2024-09-25,9868.HK,41.5,41.9,38.65,39.0,19606756
2024-09-25,TSLA,252.54,257.05,252.28,257.02,65034318
2024-09-26,0700.HK,403.5,425.5,402.3,425.5,50254878
2024-09-26,563300.SH,0.775,0.81,0.775,0.809,392160200
2024-09-26,588000.SH,0.698,0.729,0.695,0.728,5394135257
2024-09-26,9868.HK,40.6,43.65,39.95,43.3,26404285
2024-09-26,TSLA,260.6,261.75,251.53,254.22,67142193
2024-09-27,0700.HK,438.7,440.3,428.1,433.3,57154793
2024-09-27,563300.SH,0.824,0.887,0.814,0.881,374498000
2024-09-27,588000.SH,0.739,0.797,0.738,0.792,5944008177
2024-09-27,9868.HK,44.85,47.4,43.9,47.25,32130570
2024-09-27,TSLA,257.375,260.6999,254.12,260.46,70988067
2024-09-30,0700.HK,445.1,452.9,429.7,440.1,75459468
2024-09-30,563300.SH,0.9,0.965,0.859,0.958,1995196500
2024-09-30,588000.SH,0.85,0.95,0.813,0.95,16179648142
2024-09-30,9868.HK,50.75,54.85,50.15,52.95,34613528
2024-09-30,TSLA,259.04,264.86,255.77,261.63,80873381
2024-10-01,TSLA,262.67,263.98,248.53,258.02,87397613
2024-10-02,0700.HK,445.5,475.1,444.7,465.5,48766943
2024-10-02,9868.HK,51.15,57.35,51.15,55.0,26873499
2024-10-02,TSLA,247.55,251.1585,241.5,249.02,93983930
2024-10-03,0700.HK,466.5,472.1,448.7,461.7,31600782
2024-10-03,9868.HK,53.35,53.35,48.15,50.4,21154649
2024-10-03,TSLA,244.48,249.79,237.81,240.66,80729240
2024-10-04,0700.HK,465.5,474.5,457.7,473.1,24663665
2024-10-04,9868.HK,48.5,51.4,47.8,50.25,15344149
2024-10-04,TSLA,246.69,250.96,244.58,250.08,86726285
2024-10-07,0700.HK,475.3,477.9,465.1,473.9,25334387
2024-10-07,9868.HK,52.0,55.0,51.4,51.9,16331191
2024-10-07,TSLA,249.0,249.83,240.7,240.83,68113270
2024-10-08,0700.HK,467.5,472.3,434.1,434.1,70468024
2024-10-08,563300.SH,1.054,1.054,0.9,1.037,1412560500
2024-10-08,588000.SH,1.14,1.14,1.045,1.14,22604813107
2024-10-08,9868.HK,51.55,51.6,44.0,45.05,40526587
2024-10-08,TSLA,243.56,246.21,240.56,244.5,56303160
2024-10-09,0700.HK,444.5,448.5,419.5,429.7,46372903
2024-10-09,563300.SH,0.982,0.99,0.933,0.933,980935900
2024-10-09,588000.SH,1.138,1.202,1.0,1.096,25452949093
2024-10-09,9868.HK,47.0,50.6,45.6,46.85,36506144
2024-10-09,TSLA,243.82,247.43,239.51,241.05,66289529
2024-10-10,0700.HK,433.5,444.1,431.9,434.3,33111230
2024-10-10,563300.SH,0.93,0.95,0.904,0.92,604339090
2024-10-10,588000.SH,1.091,1.092,1.0,1.026,16642271122
2024-10-10,9868.HK,48.85,51.5,48.2,50.6,28148582
2024-10-10,TSLA,241.81,242.7899,232.34,238.77,83087063
2024-10-11,563300.SH,0.91,0.918,0.874,0.886,515233930
2024-10-11,588000.SH,1.0,1.0,0.937,0.951,15037756671
2024-10-11,TSLA,220.13,223.34,214.38,217.8,142628874
2024-10-14,0700.HK,436.3,436.3,419.5,431.5,30316807
2024-10-14,563300.SH,0.889,0.918,0.877,0.917,488668946
2024-10-14,588000.SH,0.949,0.982,0.919,0.974,12137905883
2024-10-14,9868.HK,49.0,49.05,45.95,47.75,21752153
2024-10-14,TSLA,220.13,221.91,213.74,219.16,86291923
2024-10-15,0700.HK,429.3,429.3,408.1,412.5,33478410
2024-10-15,563300.SH,0.905,0.934,0.902,0.903,342660980
2024-10-15,588000.SH,0.965,0.991,0.945,0.946,9077098820
2024-10-15,9868.HK,45.5,46.6,44.0,44.5,26463892
2024-10-15,TSLA,220.01,224.26,217.12,219.57,62988787
2024-10-16,0700.HK,410.5,421.3,408.1,411.3,22490256
2024-10-16,563300.SH,0.889,0.92,0.886,0.91,360350625
2024-10-16,588000.SH,0.92,0.945,0.915,0.923,7207906722
2024-10-16,9868.HK,43.6,44.45,42.4,43.05,18768413
2024-10-16,TSLA,221.4,222.8199,218.93,221.33,49632824
2024-10-17,0700.HK,413.5,422.3,405.5,408.1,16476899
2024-10-17,563300.SH,0.915,0.926,0.907,0.907,281523400
2024-10-17,588000.SH,0.942,0.948,0.925,0.926,6751396714
2024-10-17,9868.HK,43.05,44.5,41.65,41.85,11823297
2024-10-17,TSLA,221.59,222.08,217.9,220.89,50791784
2024-10-18,0700.HK,408.1,431.1,406.9,426.3,25963857
2024-10-18,563300.SH,0.904,0.959,0.904,0.945,408849750
2024-10-18,588000.SH,0.926,1.094,0.923,1.041,20272016464
2024-10-18,9868.HK,40.5,43.6,39.85,42.45,27746483
2024-10-18,TSLA,220.71,222.28,219.23,220.7,49611867
2024-10-21,0700.HK,426.1,426.9,414.7,416.5,16334100
2024-10-21,563300.SH,0.941,0.974,0.936,0.961,608534570
2024-10-21,588000.SH,1.05,1.118,1.026,1.05,21136566088
2024-10-21,9868.HK,41.55,42.35,40.9,41.2,16727511
2024-10-21,TSLA,218.9,220.48,215.726,218.85,47328988
2024-10-22,0700.HK,418.7,419.1,413.5,417.1,11027704
2024-10-22,563300.SH,0.953,0.979,0.952,0.968,617283556
2024-10-22,588000.SH,1.031,1.055,1.02,1.037,10805825417
2024-10-22,9868.HK,42.45,43.9,42.2,42.35,20304616
2024-10-22,TSLA,217.31,218.22,215.26,217.97,43268741
2024-10-23,0700.HK,418.5,427.7,412.1,423.7,14656951
2024-10-23,563300.SH,0.966,0.985,0.961,0.967,427445900
2024-10-23,588000.SH,1.03,1.057,1.024,1.032,9440920842
2024-10-23,9868.HK,42.55,45.05,42.35,44.15,17243600
2024-10-23,TSLA,217.125,218.72,212.11,213.65,80938892
2024-10-24,0700.HK,420.5,421.1,415.1,417.5,11202752
2024-10-24,563300.SH,0.962,0.968,0.956,0.966,194774400
2024-10-24,588000.SH,1.024,1.04,1.02,1.029,6176303183
2024-10-24,9868.HK,44.15,44.55,42.55,42.6,11894893
2024-10-24,TSLA,244.68,262.1199,242.65,260.48,204491903
2024-10-25,0700.HK,423.1,423.1,414.1,416.5,11951879
2024-10-25,563300.SH,0.966,0.996,0.966,0.992,633195400
2024-10-25,588000.SH,1.034,1.068,1.025,1.045,9050743881
2024-10-25,9868.HK,41.0,42.9,40.9,41.8,24164200
2024-10-25,TSLA,256.01,269.49,255.32,269.19,161611931
2024-10-28,0700.HK,416.5,417.7,409.1,412.7,15551935
2024-10-28,563300.SH,0.993,1.024,0.991,1.024,850442600
2024-10-28,588000.SH,1.04,1.043,1.027,1.039,5526887729
2024-10-28,9868.HK,43.85,45.6,43.6,44.8,19296953
2024-10-28,TSLA,270.0,273.536,262.24,262.51,107653603
2024-10-29,0700.HK,414.9,418.9,410.7,413.9,13797786
2024-10-29,563300.SH,1.025,1.033,0.996,0.998,1013237660
2024-10-29,588000.SH,1.04,1.06,1.026,1.028,8047631857
2024-10-29,9868.HK,47.7,48.4,45.85,45.95,19102463
2024-10-29,TSLA,264.51,264.98,255.51,259.52,80521751
2024-10-30,0700.HK,409.1,413.5,406.1,406.5,17895482
2024-10-30,563300.SH,0.987,1.01,0.982,1.005,808883350
2024-10-30,588000.SH,1.02,1.026,0.998,1.008,7425712297
2024-10-30,9868.HK,45.05,46.25,43.85,44.15,17394186
2024-10-30,TSLA,258.035,263.35,255.8201,257.55,53993576
2024-10-31,0700.HK,405.9,414.3,400.1,400.1,22753709
2024-10-31,563300.SH,1.004,1.036,1.003,1.028,682734860
2024-10-31,588000.SH,1.006,1.029,0.998,1.02,8344620323
2024-10-31,9868.HK,44.35,45.7,44.15,45.15,13013181
2024-10-31,TSLA,257.99,259.75,249.25,249.85,66575292
2024-11-01,0700.HK,401.5,417.9,401.5,414.7,21086569
2024-11-01,563300.SH,1.023,1.029,0.98,0.981,533025050
2024-11-01,588000.SH,1.01,1.019,0.989,0.99,7656103781
2024-11-01,9868.HK,43.85,44.95,43.05,44.3,14097600
2024-11-01,TSLA,252.043,254.0,246.63,248.98,57544757
2024-11-04,0700.HK,418.5,419.3,411.5,414.5,11706119
2024-11-04,563300.SH,0.975,1.008,0.975,1.008,401419700
2024-11-04,588000.SH,0.985,1.005,0.985,1.004,4749336777
2024-11-04,9868.HK,45.15,48.05,45.15,47.7,21017929
2024-11-04,TSLA,244.56,248.9,238.88,242.84,68802354
2024-11-05,0700.HK,410.7,423.3,410.7,423.3,15270863
2024-11-05,563300.SH,1.003,1.04,1.002,1.037,376821700
2024-11-05,588000.SH,1.004,1.05,1.0,1.05,10251246611
2024-11-05,9868.HK,47.1,50.15,46.9,49.7,22631315
2024-11-05,TSLA,247.34,255.2799,246.2101,251.44,69282505
2024-11-06,0700.HK,420.5,421.7,408.7,415.3,20755203
2024-11-06,563300.SH,1.036,1.058,1.035,1.05,310643623
2024-11-06,588000.SH,1.054,1.072,1.039,1.053,9441814111
2024-11-06,9868.HK,50.5,51.85,48.3,49.4,22516276
2024-11-06,TSLA,284.67,289.59,275.62,288.53,165228710
2024-11-07,0700.HK,412.5,425.1,409.9,423.9,19924018
2024-11-07,563300.SH,1.036,1.076,1.03,1.074,485699160
2024-11-07,588000.SH,1.042,1.096,1.039,1.087,8289403297
2024-11-07,9868.HK,48.0,50.8,47.7,50.0,19541969
2024-11-07,TSLA,288.89,299.75,285.52,296.91,117309232
2024-11-08,0700.HK,430.5,431.5,414.9,416.3,19389836
2024-11-08,563300.SH,1.077,1.091,1.07,1.077,441394360
2024-11-08,588000.SH,1.109,1.129,1.08,1.081,10695859257
2024-11-08,9868.HK,57.5,60.0,57.0,57.35,55752540
2024-11-08,TSLA,299.14,328.71,297.66,321.22,204782763
2024-11-11,0700.HK,407.5,411.1,404.9,408.7,22857586
2024-11-11,563300.SH,1.066,1.107,1.066,1.103,336314000
2024-11-11,588000.SH,1.082,1.131,1.082,1.13,10496034906
2024-11-11,9868.HK,57.3,59.8,56.2,59.55,32107262
2024-11-11,TSLA,346.3,358.64,336.0,350.0,210521625
2024-11-12,0700.HK,404.9,409.3,398.5,399.3,27303282
2024-11-12,563300.SH,1.101,1.105,1.072,1.083,517332500
2024-11-12,588000.SH,1.13,1.136,1.093,1.105,7904319869
2024-11-12,9868.HK,60.0,61.6,56.05,56.85,28659723
2024-11-12,TSLA,342.74,345.84,323.31,328.49,155726016
2024-11-13,0700.HK,392.7,402.7,391.5,399.3,28307185
2024-11-13,563300.SH,1.08,1.089,1.057,1.087,350807700
2024-11-13,588000.SH,1.095,1.117,1.092,1.116,6532661707
2024-11-13,9868.HK,53.8,54.6,51.95,54.3,27328669
2024-11-13,TSLA,335.85,344.5999,322.5,330.24,125405599
2024-11-14,0700.HK,397.1,410.5,393.3,398.9,34898922
2024-11-14,563300.SH,1.081,1.084,1.05,1.052,714733163
2024-11-14,588000.SH,1.11,1.12,1.076,1.08,5712865469
2024-11-14,9868.HK,52.75,53.05,50.1,50.55,27737290
2024-11-14,TSLA,327.69,329.98,310.37,311.18,120726109
2024-11-15,0700.HK,399.5,402.5,394.5,396.5,29061324
2024-11-15,563300.SH,1.048,1.068,1.03,1.036,395467759
2024-11-15,588000.SH,1.076,1.084,1.038,1.04,6601256457
2024-11-15,9868.HK,49.6,51.2,48.7,49.6,22766568
2024-11-15,TSLA,310.57,324.6799,309.22,320.72,114440286
2024-11-18,0700.HK,400.7,408.9,397.1,399.7,20493537
2024-11-18,563300.SH,1.034,1.041,0.995,1.002,547245879
2024-11-18,588000.SH,1.04,1.055,1.013,1.02,6136072709
2024-11-18,9868.HK,50.5,51.35,49.3,50.2,18182277
2024-11-18,TSLA,340.73,348.5499,330.01,338.74,126547455
2024-11-19,0700.HK,402.1,404.5,398.9,401.7,13879296
2024-11-19,563300.SH,1.003,1.033,0.997,1.033,340172092
2024-11-19,588000.SH,1.025,1.053,1.01,1.052,6438643319
2024-11-19,9868.HK,51.4,53.25,50.7,51.95,20196667
2024-11-19,TSLA,335.76,347.3799,332.75,346.0,88852452
2024-11-20,0700.HK,403.7,409.3,401.7,406.3,15005135
2024-11-20,563300.SH,1.024,1.064,1.024,1.061,407533697
2024-11-20,588000.SH,1.045,1.061,1.039,1.055,5019791877
2024-11-20,9868.HK,49.6,51.85,49.6,50.35,21969050
2024-11-20,TSLA,345.0,346.5999,334.3,342.03,66340650
2024-11-21,0700.HK,404.9,406.9,402.5,403.1,12501718
2024-11-21,563300.SH,1.059,1.068,1.049,1.061,294410403
2024-11-21,588000.SH,1.055,1.073,1.051,1.064,5522699134
2024-11-21,9868.HK,49.6,50.0,47.0,47.35,27754645
2024-11-21,TSLA,343.81,347.9899,335.28,339.64,58011719
2024-11-22,0700.HK,404.3,407.9,395.1,396.1,16949546
2024-11-22,563300.SH,1.056,1.067,1.022,1.029,367887000
2024-11-22,588000.SH,1.062,1.072,1.02,1.022,5663373411
2024-11-22,9868.HK,47.65,48.1,44.7,45.2,24183385
2024-11-22,TSLA,341.085,361.53,337.7,352.56,89140722
2024-11-25,0700.HK,395.5,397.9,389.3,390.7,27888308
2024-11-25,563300.SH,1.023,1.045,1.012,1.044,324286300
2024-11-25,588000.SH,1.021,1.025,0.991,1.008,5563038845
2024-11-25,9868.HK,47.05,47.1,44.5,45.15,25484249
2024-11-25,TSLA,360.14,361.93,338.2,338.59,95890899
2024-11-26,0700.HK,387.7,394.7,387.7,389.3,16940574
2024-11-26,563300.SH,1.039,1.054,1.03,1.031,281915900
2024-11-26,588000.SH,1.005,1.019,1.001,1.002,3354363058
2024-11-26,9868.HK,44.5,46.0,44.2,44.4,13193142
2024-11-26,TSLA,341.0,346.96,335.66,338.23,62295857
2024-11-27,0700.HK,390.1,401.7,387.5,398.3,16685594
2024-11-27,563300.SH,1.025,1.056,1.006,1.056,383987200
2024-11-27,588000.SH,1.001,1.039,0.99,1.038,6355077414
2024-11-27,9868.HK,44.5,46.65,42.9,46.2,24764406
2024-11-27,TSLA,341.8,342.55,326.59,332.89,57896439
2024-11-28,0700.HK,396.9,399.7,392.9,395.5,13067643
2024-11-28,563300.SH,1.054,1.076,1.053,1.061,329343400
2024-11-28,588000.SH,1.037,1.056,1.032,1.034,4975769855
2024-11-28,9868.HK,46.8,46.9,45.15,45.35,13298390
2024-11-29,0700.HK,390.5,398.3,390.5,393.5,15626995
2024-11-29,563300.SH,1.054,1.085,1.048,1.08,472921200
2024-11-29,588000.SH,1.031,1.078,1.029,1.06,6650570087
2024-11-29,9868.HK,45.7,47.25,45.5,46.45,15442589
2024-11-29,TSLA,336.08,345.45,334.6501,345.16,37167621
2024-12-02,0700.HK,393.5,397.1,391.1,395.3,13334410
2024-12-02,563300.SH,1.08,1.104,1.078,1.101,420416300
2024-12-02,588000.SH,1.06,1.075,1.053,1.068,4673890752
2024-12-02,9868.HK,47.1,49.6,47.1,48.8,23121528
2024-12-02,TSLA,352.38,360.0,351.1501,357.09,77986478
2024-12-03,0700.HK,398.7,399.9,389.9,399.9,18362569
2024-12-03,563300.SH,1.102,1.108,1.088,1.1,387615200
2024-12-03,588000.SH,1.068,1.074,1.048,1.057,4239604607
2024-12-03,9868.HK,48.95,49.25,47.4,48.75,18094440
2024-12-03,TSLA,351.8,355.69,348.2,351.42,58267196
2024-12-04,0700.HK,397.7,401.1,395.3,398.7,14053234
2024-12-04,563300.SH,1.097,1.103,1.077,1.084,582451400
2024-12-04,588000.SH,1.072,1.075,1.045,1.05,4509282657
2024-12-04,9868.HK,49.25,50.95,49.0,50.0,20338580
2024-12-04,TSLA,353.0,358.1,348.6,357.93,50810874
2024-12-05,0700.HK,398.9,402.1,396.3,400.7,13314801
2024-12-05,563300.SH,1.076,1.107,1.076,1.106,584947671
2024-12-05,588000.SH,1.045,1.058,1.043,1.053,3086002528
2024-12-05,9868.HK,49.9,50.75,49.5,49.95,13023939
2024-12-05,TSLA,359.87,375.43,359.5,369.49,81403569
2024-12-06,0700.HK,402.3,410.1,400.5,408.1,27711445
2024-12-06,563300.SH,1.107,1.121,1.096,1.116,583335771
2024-12-06,588000.SH,1.056,1.077,1.045,1.067,5530441116
2024-12-06,9868.HK,49.5,50.5,48.65,50.05,16074507
2024-12-06,TSLA,377.42,389.49,370.8,389.22,81455834
2024-12-09,0700.HK,401.7,416.7,401.7,414.3,22461949
2024-12-09,563300.SH,1.112,1.121,1.1,1.111,370490571
2024-12-09,588000.SH,1.065,1.069,1.046,1.054,4123320875
2024-12-09,9868.HK,49.0,52.55,48.3,52.45,22981454
2024-12-09,TSLA,397.61,404.8,378.01,389.79,96359173
2024-12-10,0700.HK,425.5,426.5,405.9,406.7,30282843
2024-12-10,563300.SH,1.154,1.157,1.121,1.125,531330600
2024-12-10,588000.SH,1.117,1.117,1.059,1.063,7480879032
2024-12-10,9868.HK,55.7,55.8,51.3,51.5,24189055
2024-12-10,TSLA,392.68,409.73,390.85,400.99,97563578
2024-12-11,0700.HK,410.3,410.5,402.7,405.3,13098201
2024-12-11,563300.SH,1.121,1.144,1.118,1.143,546668184
2024-12-11,588000.SH,1.058,1.068,1.056,1.059,3673935605
2024-12-11,9868.HK,51.5,52.5,50.25,50.7,10867888
2024-12-11,TSLA,409.7,424.88,402.38,424.77,104287559
2024-12-12,0700.HK,409.5,418.3,404.7,411.1,23414258
2024-12-12,563300.SH,1.14,1.153,1.13,1.152,440232100
2024-12-12,588000.SH,1.059,1.067,1.05,1.063,3963972965
2024-12-12,9868.HK,50.7,51.6,49.5,50.8,14707240
2024-12-12,TSLA,424.84,429.3,415.0,418.1,87752225
2024-12-13,0700.HK,408.5,410.5,404.1,405.3,16296064
2024-12-13,563300.SH,1.144,1.152,1.133,1.133,480849700
2024-12-13,588000.SH,1.057,1.061,1.039,1.042,5093651308
2024-12-13,9868.HK,50.1,50.2,47.6,47.8,18483851
2024-12-13,TSLA,420.0,436.3,415.71,436.23,89000158
2024-12-16,0700.HK,405.5,406.9,399.3,401.1,14059845
2024-12-16,563300.SH,1.132,1.139,1.113,1.122,502813400
2024-12-16,588000.SH,1.04,1.042,1.021,1.025,3651657641
2024-12-16,9868.HK,48.0,48.6,47.25,48.0,9388917
2024-12-16,TSLA,441.09,463.19,436.15,463.02,114083811
2024-12-17,0700.HK,397.5,403.5,397.3,398.1,16779048
2024-12-17,563300.SH,1.119,1.119,1.071,1.075,575680712
2024-12-17,588000.SH,1.022,1.03,1.016,1.019,3365043211
2024-12-17,9868.HK,47.85,49.4,47.65,48.15,10738499
2024-12-17,TSLA,475.9,483.99,457.5101,479.86,131222978
2024-12-18,0700.HK,403.5,404.3,399.5,401.5,14906072
2024-12-18,563300.SH,1.072,1.095,1.059,1.085,535959716
2024-12-18,588000.SH,1.022,1.036,1.016,1.033,4156736584
2024-12-18,9868.HK,50.05,50.2,49.0,50.1,11767509
2024-12-18,TSLA,466.495,488.5399,427.01,440.13,149340788
2024-12-19,0700.HK,397.7,417.5,396.9,410.7,34671236
2024-12-19,563300.SH,1.07,1.09,1.066,1.087,417536791
2024-12-19,588000.SH,1.022,1.05,1.019,1.045,4452487526
2024-12-19,9868.HK,48.6,49.15,48.25,48.5,10866871
2024-12-19,TSLA,451.88,456.36,420.02,436.17,118566146
2024-12-20,0700.HK,409.7,425.3,409.7,421.9,44834041
2024-12-20,563300.SH,1.082,1.108,1.081,1.1,428983063
2024-12-20,588000.SH,1.041,1.08,1.041,1.065,6913986773
2024-12-20,9868.HK,49.1,49.6,48.5,48.6,11831301
2024-12-20,TSLA,425.505,447.08,417.64,421.06,132216176
2024-12-23,0700.HK,426.1,426.5,411.7,415.7,20856154
2024-12-23,563300.SH,1.095,1.097,1.043,1.047,775247600
2024-12-23,588000.SH,1.065,1.08,1.05,1.052,4381165623
2024-12-23,9868.HK,49.15,49.45,48.25,49.0,6910363
2024-12-23,TSLA,431.0,434.51,415.4112,430.6,72698055
2024-12-24,0700.HK,416.5,417.1,413.1,415.5,7873769
2024-12-24,563300.SH,1.05,1.062,1.037,1.06,513757500
2024-12-24,588000.SH,1.056,1.071,1.045,1.069,3845100805
2024-12-24,9868.HK,49.0,50.4,49.0,50.1,6507216
2024-12-24,TSLA,435.9,462.78,435.14,462.28,59551750
2024-12-25,563300.SH,1.054,1.054,1.02,1.036,1191571000
2024-12-25,588000.SH,1.072,1.08,1.064,1.072,4129442058
2024-12-26,563300.SH,1.035,1.058,1.032,1.053,876585700
2024-12-26,588000.SH,1.07,1.085,1.066,1.081,3809200470
2024-12-26,TSLA,465.16,465.3299,451.02,454.13,76651210
2024-12-27,0700.HK,413.1,416.5,411.1,412.9,13545082
2024-12-27,563300.SH,1.047,1.07,1.047,1.056,651374900
2024-12-27,588000.SH,1.08,1.099,1.071,1.074,4674962803
2024-12-27,9868.HK,51.15,51.5,48.5,49.35,18238061
2024-12-27,TSLA,449.52,450.0,426.5,431.66,82666821
2024-12-30,0700.HK,413.5,417.3,411.3,414.5,13515622
2024-12-30,563300.SH,1.049,1.054,1.031,1.047,712127250
2024-12-30,588000.SH,1.07,1.087,1.066,1.077,3216259936
2024-12-30,9868.HK,49.0,49.4,46.15,46.5,21405373
2024-12-30,TSLA,419.4,427.0,415.75,417.41,64941012
2024-12-31,0700.HK,412.7,416.9,411.3,412.5,10867280
2024-12-31,563300.SH,1.048,1.052,1.014,1.016,510904850
2024-12-31,588000.SH,1.076,1.078,1.043,1.045,4636200346
2024-12-31,9868.HK,46.1,46.9,45.85,46.65,8550909
2024-12-31,TSLA,423.79,427.93,402.54,403.84,76825121
2025-01-02,0700.HK,412.5,420.5,409.1,411.5,20733037
2025-01-02,563300.SH,1.011,1.033,0.991,1.003,729771304
2025-01-02,588000.SH,1.041,1.042,0.997,1.009,6885249234
2025-01-02,9868.HK,46.2,46.3,44.9,45.0,15223870
2025-01-02,TSLA,390.1,392.7299,373.04,379.28,109710749
2025-01-03,0700.HK,413.5,414.5,405.9,409.7,16843241
2025-01-03,563300.SH,1.005,1.009,0.958,0.96,824071454
2025-01-03,588000.SH,1.009,1.015,0.992,0.993,4723167885
2025-01-03,9868.HK,45.1,46.35,44.0,44.7,17555608
2025-01-03,TSLA,381.48,411.8799,379.45,410.44,95423329
2025-01-06,0700.HK,410.5,410.5,402.7,404.9,16869318
2025-01-06,563300.SH,0.954,0.966,0.93,0.952,596621950
2025-01-06,588000.SH,0.995,1.001,0.981,0.989,3601774473
2025-01-06,9868.HK,45.6,47.05,45.15,46.2,17200737
2025-01-06,TSLA,423.2,426.43,401.7,411.05,85516534
2025-01-07,0700.HK,376.1,388.3,372.1,375.1,142920468
2025-01-07,563300.SH,0.951,0.981,0.949,0.98,682113500
2025-01-07,588000.SH,0.991,1.019,0.987,1.018,4838914497
2025-01-07,9868.HK,45.8,47.9,45.15,47.45,22499179
2025-01-07,TSLA,405.83,414.33,390.0,394.36,75699525
2025-01-08,0700.HK,366.7,375.3,361.1,364.7,95456188
2025-01-08,563300.SH,0.973,0.991,0.948,0.983,760533225
2025-01-08,588000.SH,1.01,1.029,0.988,1.017,4860929703
2025-01-08,9868.HK,49.65,49.9,47.6,48.55,30741520
2025-01-08,TSLA,392.95,402.4999,387.4,394.94,73038805
2025-01-09,0700.HK,360.5,374.9,360.5,368.9,60578450
2025-01-09,563300.SH,0.973,0.991,0.973,0.984,466232724
2025-01-09,588000.SH,1.013,1.025,1.012,1.015,3260293445
2025-01-09,9868.HK,47.7,47.8,46.4,46.8,12142501
2025-01-10,0700.HK,369.1,374.9,365.1,365.1,37053933
2025-01-10,563300.SH,0.981,0.993,0.955,0.956,399111125
2025-01-10,588000.SH,1.013,1.034,1.004,1.005,4657320568
2025-01-10,9868.HK,47.5,48.05,46.25,46.6,7257056
2025-01-10,TSLA,391.4,399.28,377.29,394.74,62287333
2025-01-13,0700.HK,360.3,367.1,360.3,361.5,34785015
2025-01-13,563300.SH,0.943,0.963,0.93,0.955,391509700
2025-01-13,588000.SH,0.99,1.009,0.99,1.005,3062703082
2025-01-13,9868.HK,47.25,47.25,45.8,46.65,10814135
2025-01-13,TSLA,383.21,403.79,380.07,403.31,67580494
2025-01-14,0700.HK,361.1,375.1,361.1,370.5,40623785
2025-01-14,563300.SH,0.958,1.007,0.957,1.007,1233933960
2025-01-14,588000.SH,1.012,1.039,1.0,1.037,5457524840
2025-01-14,9868.HK,46.2,50.65,45.75,50.6,29605172
2025-01-14,TSLA,414.34,422.64,394.54,396.36,84565022
2025-01-15,0700.HK,368.9,380.9,368.5,375.5,29158255
2025-01-15,563300.SH,1.003,1.01,0.996,1.0,713691100
2025-01-15,588000.SH,1.031,1.044,1.025,1.032,3494528021
2025-01-15,9868.HK,49.35,50.4,48.85,50.1,16233842
2025-01-15,TSLA,409.9,429.8,405.661,428.22,81375460
2025-01-16,0700.HK,379.5,382.1,372.1,377.9,26141103
2025-01-16,563300.SH,1.003,1.023,0.995,1.01,862720799
2025-01-16,588000.SH,1.037,1.048,1.008,1.011,4959672499
2025-01-16,9868.HK,51.2,53.8,50.95,53.6,30170666
2025-01-16,TSLA,423.49,424.0,409.13,413.82,68335151
2025-01-17,0700.HK,376.5,377.7,373.9,375.3,17138321
2025-01-17,563300.SH,1.004,1.016,0.996,1.008,480171700
2025-01-17,588000.SH,1.005,1.033,1.001,1.02,4317767103
2025-01-17,9868.HK,53.6,54.7,53.15,54.2,12295810
2025-01-17,TSLA,421.5,439.74,419.75,426.5,94991429
2025-01-20,0700.HK,375.7,388.3,375.7,385.3,31141403
2025-01-20,563300.SH,1.016,1.023,1.004,1.018,537416200
2025-01-20,588000.SH,1.026,1.033,1.017,1.022,3198748697
2025-01-20,9868.HK,54.8,56.65,54.65,56.35,18288153
2025-01-21,0700.HK,387.5,387.7,381.9,382.9,25249668
2025-01-21,563300.SH,1.022,1.025,1.004,1.021,442845576
2025-01-21,588000.SH,1.027,1.034,1.019,1.031,3405444422
2025-01-21,9868.HK,57.35,59.85,55.8,59.7,30225267
2025-01-21,TSLA,432.64,433.2,406.31,424.07,87320894
2025-01-22,0700.HK,380.5,384.1,376.5,378.9,17859069
2025-01-22,563300.SH,1.013,1.019,1.003,1.008,380523100
2025-01-22,588000.SH,1.027,1.034,1.021,1.029,2808804570
2025-01-22,9868.HK,58.15,59.35,57.3,57.85,17371182
2025-01-22,TSLA,416.81,428.0,414.59,415.11,60963342
2025-01-23,0700.HK,378.5,381.5,375.1,376.7,21256810
2025-01-23,563300.SH,1.018,1.03,1.004,1.005,582552700
2025-01-23,588000.SH,1.041,1.049,1.02,1.021,4374203037
2025-01-23,9868.HK,57.2,58.1,55.1,55.75,18336928
2025-01-23,TSLA,416.06,420.73,408.95,412.38,50690592
2025-01-24,0700.HK,378.7,387.9,377.7,386.1,24079119
2025-01-24,563300.SH,1.001,1.023,0.998,1.02,572381389
2025-01-24,588000.SH,1.018,1.034,1.018,1.029,3136969229
2025-01-24,9868.HK,55.75,57.7,55.45,57.2,10884315
2025-01-24,TSLA,414.45,418.88,405.78,406.58,56427149
2025-01-27,0700.HK,383.5,393.5,383.5,391.1,23605938
2025-01-27,563300.SH,1.028,1.029,1.005,1.006,427599989
2025-01-27,588000.SH,1.03,1.03,1.008,1.009,3357932031
2025-01-27,9868.HK,57.2,60.05,57.0,58.15,16746907
2025-01-27,TSLA,394.8,406.69,389.0,397.15,58125510
2025-01-28,0700.HK,396.5,401.5,394.5,396.7,14203491
2025-01-28,9868.HK,59.6,59.6,57.85,59.0,2265404
2025-01-28,TSLA,396.91,400.59,386.5,398.09,48910676
2025-01-29,TSLA,395.21,398.5899,384.48,389.1,68033648
2025-01-30,TSLA,410.78,412.5,384.41,400.28,98092879
2025-01-31,TSLA,401.53,419.99,401.34,404.6,83568219
2025-02-03,0700.HK,395.5,400.3,389.7,399.7,27917841
2025-02-03,9868.HK,57.9,58.75,55.2,58.45,10314978
2025-02-03,TSLA,386.68,389.17,374.36,383.68,93732122
2025-02-04,0700.HK,404.7,416.7,402.5,416.3,31276268
2025-02-04,9868.HK,61.35,67.2,60.95,65.7,21546180
2025-02-04,TSLA,382.63,394.0,381.4,392.21,57072235
2025-02-05,0700.HK,417.1,417.1,405.5,413.3,32129392
2025-02-05,563300.SH,1.01,1.023,1.009,1.018,364036389
2025-02-05,588000.SH,1.039,1.044,1.028,1.037,5558588063
2025-02-05,9868.HK,65.0,65.65,62.75,64.85,19533103
2025-02-05,TSLA,387.51,388.39,375.53,378.17,57614721
2025-02-06,0700.HK,411.7,415.9,408.9,415.9,19585105
2025-02-06,563300.SH,1.016,1.049,1.011,1.048,529173600
2025-02-06,588000.SH,1.031,1.069,1.029,1.067,5207330154
2025-02-06,9868.HK,65.4,67.5,64.0,67.3,19956572
2025-02-06,TSLA,373.03,375.4,363.18,374.32,77918230
2025-02-07,0700.HK,415.9,427.9,413.3,423.7,34567530
2025-02-07,563300.SH,1.047,1.072,1.044,1.06,778483000
2025-02-07,588000.SH,1.067,1.093,1.059,1.076,6066813988
2025-02-07,9868.HK,67.8,69.35,65.7,68.45,34044749
2025-02-07,TSLA,370.19,380.5459,360.34,361.62,70298258
2025-02-10,0700.HK,425.1,435.3,424.3,432.5,31411302
2025-02-10,563300.SH,1.061,1.085,1.059,1.084,547379390
2025-02-10,588000.SH,1.077,1.095,1.074,1.094,4665154144
2025-02-10,9868.HK,66.4,68.15,64.7,67.75,26785118
2025-02-10,TSLA,356.21,362.7,350.51,350.73,77514903
2025-02-11,0700.HK,435.5,436.7,421.1,422.9,30893563
2025-02-11,563300.SH,1.084,1.089,1.071,1.08,512992390
2025-02-11,588000.SH,1.093,1.095,1.075,1.08,3615761824
2025-02-11,9868.HK,65.3,65.3,61.55,61.65,46420378
2025-02-11,TSLA,345.8,349.37,325.1,328.5,118543400
2025-02-12,0700.HK,424.5,440.1,421.5,439.7,38264929
2025-02-12,563300.SH,1.076,1.098,1.076,1.097,435436900
2025-02-12,588000.SH,1.082,1.1,1.077,1.099,4249838508
2025-02-12,9868.HK,61.1,63.25,60.5,62.35,23892992
2025-02-12,TSLA,329.94,346.4,329.12,336.51,105382729
2025-02-13,0700.HK,444.5,460.1,432.5,437.5,60985718
2025-02-13,563300.SH,1.093,1.097,1.078,1.08,644977725
2025-02-13,588000.SH,1.099,1.1,1.072,1.073,3947352986
2025-02-13,9868.HK,62.45,64.3,60.05,60.6,33914311
2025-02-13,TSLA,345.0,358.69,342.85,355.94,89441519
2025-02-14,0700.HK,445.3,470.3,442.1,470.3,74519223
2025-02-14,563300.SH,1.076,1.084,1.073,1.078,513338000
2025-02-14,588000.SH,1.068,1.081,1.064,1.078,3754848942
2025-02-14,9868.HK,62.0,64.35,62.0,64.2,27085407
2025-02-14,TSLA,360.62,362.0,347.5,355.84,68277279
2025-02-17,0700.HK,501.5,507.5,480.5,489.1,126223580
2025-02-17,563300.SH,1.076,1.103,1.076,1.101,472318000
2025-02-17,588000.SH,1.085,1.096,1.083,1.093,4206072682
2025-02-17,9868.HK,65.0,67.95,64.15,66.55,25367878
2025-02-18,0700.HK,489.7,508.5,489.3,499.0,62529454
2025-02-18,563300.SH,1.094,1.099,1.064,1.068,443795776
2025-02-18,588000.SH,1.092,1.093,1.062,1.066,4192977098
2025-02-18,9868.HK,67.55,69.9,66.4,68.35,21356846
2025-02-18,TSLA,355.01,359.1,350.02,354.11,51631702
2025-02-19,0700.HK,495.5,496.0,488.7,493.3,34127174
2025-02-19,563300.SH,1.065,1.101,1.065,1.101,486249476
2025-02-19,588000.SH,1.066,1.092,1.065,1.092,4650878954
2025-02-19,9868.HK,69.6,72.65,67.45,71.1,28089172
2025-02-19,TSLA,354.0,367.34,353.67,360.56,67094374
2025-02-20,0700.HK,486.7,488.5,478.1,482.3,34549151
2025-02-20,563300.SH,1.1,1.12,1.098,1.115,379946500
2025-02-20,588000.SH,1.091,1.099,1.083,1.091,3036518038
2025-02-20,9868.HK,70.6,72.0,67.85,68.15,18268381
2025-02-20,TSLA,361.51,362.3,348.0,354.4,45965354
2025-02-21,0700.HK,500.5,512.5,494.9,512.5,73545153
2025-02-21,563300.SH,1.115,1.13,1.104,1.129,464630800
2025-02-21,588000.SH,1.099,1.159,1.096,1.157,9207213247
2025-02-21,9868.HK,69.7,72.2,68.65,71.9,21489135
2025-02-21,TSLA,353.44,354.98,334.42,337.8,74058648
2025-02-24,0700.HK,517.5,517.5,492.7,492.7,67542767
2025-02-24,563300.SH,1.121,1.133,1.113,1.125,562848600
2025-02-24,588000.SH,1.155,1.171,1.143,1.161,4958041740
2025-02-24,9868.HK,71.9,74.6,70.4,72.25,22730525
2025-02-24,TSLA,338.14,342.3973,324.7,330.53,76052321
2025-02-25,0700.HK,473.3,486.5,471.9,480.3,56509529
2025-02-25,563300.SH,1.108,1.136,1.1,1.127,484054300
2025-02-25,588000.SH,1.141,1.179,1.138,1.162,4671689834
2025-02-25,9868.HK,70.25,77.85,69.0,75.45,39492032
2025-02-25,TSLA,327.025,328.89,297.2512,302.8,134228777
2025-02-26,0700.HK,483.5,503.5,483.3,497.0,40489654
2025-02-26,563300.SH,1.126,1.147,1.125,1.146,290364100
2025-02-26,588000.SH,1.164,1.189,1.151,1.186,5027953377
2025-02-26,9868.HK,75.7,83.1,75.6,81.7,43617595
2025-02-26,TSLA,303.715,309.0,288.04,290.8,100118276
2025-02-27,0700.HK,499.0,507.5,487.1,490.9,38902820
2025-02-27,563300.SH,1.145,1.148,1.119,1.139,448847825
2025-02-27,588000.SH,1.185,1.2,1.16,1.185,4922629807
2025-02-27,9868.HK,88.0,90.0,83.55,86.75,54478640
2025-02-27,TSLA,291.16,297.23,280.88,281.95,101748197
2025-02-28,0700.HK,488.3,493.3,471.5,474.1,52160819
2025-02-28,563300.SH,1.13,1.134,1.09,1.093,563818025
2025-02-28,588000.SH,1.177,1.182,1.132,1.133,5884493789
2025-02-28,9868.HK,86.75,86.95,79.25,79.8,46948283
2025-02-28,TSLA,279.5,293.88,273.6,292.98,115696968
2025-03-03,0700.HK,479.1,492.5,475.3,478.7,32752021
2025-03-03,563300.SH,1.094,1.115,1.086,1.095,478135900
2025-03-03,588000.SH,1.133,1.145,1.112,1.119,4064825324
2025-03-03,9868.HK,83.8,86.0,80.45,81.35,37669292
2025-03-03,TSLA,300.34,303.94,277.3,284.65,115551414
2025-03-04,0700.HK,474.5,488.5,468.7,486.5,31124964
2025-03-04,563300.SH,1.087,1.113,1.085,1.112,333596300
2025-03-04,588000.SH,1.11,1.146,1.107,1.139,4307487602
2025-03-04,9868.HK,78.15,80.9,75.85,78.9,30236122
2025-03-04,TSLA,270.93,284.35,261.8401,272.04,126706623
2025-03-05,0700.HK,497.5,504.5,493.5,501.0,35165757
2025-03-05,563300.SH,1.108,1.119,1.098,1.118,270470200
2025-03-05,588000.SH,1.138,1.148,1.129,1.142,3039792492
2025-03-05,9868.HK,79.65,82.7,78.3,82.05,21774480
2025-03-05,TSLA,272.92,279.55,267.71,279.1,94042913
2025-03-06,0700.HK,516.5,539.5,516.5,539.5,79683892
2025-03-06,563300.SH,1.125,1.145,1.122,1.142,331960900
2025-03-06,588000.SH,1.157,1.185,1.157,1.181,5490791977
2025-03-06,9868.HK,85.35,87.8,83.6,86.05,27155286
2025-03-06,TSLA,272.06,272.65,260.02,263.45,98451566
2025-03-07,0700.HK,534.5,542.5,524.5,529.0,46494425
2025-03-07,563300.SH,1.136,1.146,1.122,1.131,343675000
2025-03-07,588000.SH,1.174,1.18,1.161,1.167,4439740497
2025-03-07,9868.HK,87.35,92.55,85.25,90.0,36509654
2025-03-07,TSLA,259.32,266.2499,250.73,262.67,102369640
2025-03-10,0700.HK,523.5,533.0,507.5,512.0,34415026
2025-03-10,563300.SH,1.129,1.138,1.126,1.137,203103800
2025-03-10,588000.SH,1.164,1.171,1.146,1.163,3607203404
2025-03-10,9868.HK,92.5,96.35,88.6,89.25,41839199
2025-03-10,TSLA,252.535,253.37,220.0,222.15,189076948
2025-03-11,0700.HK,497.0,515.5,496.0,513.0,33852768
2025-03-11,563300.SH,1.122,1.141,1.119,1.141,197786000
2025-03-11,588000.SH,1.147,1.161,1.144,1.158,3423273922
2025-03-11,9868.HK,89.0,98.4,88.4,97.45,42079134
2025-03-11,TSLA,225.305,237.0649,217.02,230.58,174896415
2025-03-12,0700.HK,518.5,520.5,500.5,507.5,28031056
2025-03-12,563300.SH,1.144,1.156,1.142,1.146,225897220
2025-03-12,588000.SH,1.164,1.17,1.15,1.15,3335871189
2025-03-12,9868.HK,102.8,106.0,91.9,95.25,56240904
2025-03-12,TSLA,247.22,251.84,241.1,248.09,142215681
2025-03-13,0700.HK,508.5,511.5,494.7,503.0,27326941
2025-03-13,563300.SH,1.143,1.146,1.114,1.128,292125900
2025-03-13,588000.SH,1.147,1.153,1.12,1.126,3916603394
2025-03-13,9868.HK,96.05,97.5,92.0,95.5,32110833
2025-03-13,TSLA,248.125,248.29,232.6,240.68,114813525
2025-03-14,0700.HK,508.5,526.5,503.0,517.0,30711707
2025-03-14,563300.SH,1.126,1.148,1.116,1.147,498782700
2025-03-14,588000.SH,1.126,1.146,1.124,1.146,4092522060
2025-03-14,9868.HK,98.0,98.0,90.7,92.1,48167013
2025-03-14,TSLA,247.31,251.58,240.73,249.98,100242264
2025-03-17,0700.HK,527.5,530.0,517.5,520.0,22096160
2025-03-17,563300.SH,1.148,1.16,1.144,1.154,354710900
2025-03-17,588000.SH,1.146,1.149,1.134,1.14,2233019172
2025-03-17,9868.HK,90.9,94.45,89.2,93.75,27554566
2025-03-17,TSLA,245.055,245.4,232.8,238.01,111900565
2025-03-18,0700.HK,534.0,539.0,529.0,536.5,33639833
2025-03-18,563300.SH,1.156,1.165,1.152,1.162,226599000
2025-03-18,588000.SH,1.145,1.161,1.144,1.146,2839275049
2025-03-18,9868.HK,95.1,96.2,92.5,95.1,26877561
2025-03-18,TSLA,228.155,230.1,222.28,225.31,111477636
2025-03-19,0700.HK,538.0,540.5,529.5,535.5,31604153
2025-03-19,563300.SH,1.159,1.163,1.15,1.156,294681300
2025-03-19,588000.SH,1.142,1.146,1.13,1.131,2826998800
2025-03-19,9868.HK,89.95,90.75,87.5,89.55,48517067
2025-03-19,TSLA,231.61,241.41,229.201,235.86,111993753
2025-03-20,0700.HK,536.0,536.5,513.5,515.0,49845030
2025-03-20,563300.SH,1.153,1.168,1.148,1.156,260827696
2025-03-20,588000.SH,1.13,1.132,1.118,1.119,3081790290
2025-03-20,9868.HK,92.35,93.3,88.35,88.9,28411444
2025-03-20,TSLA,233.345,238.0,230.0501,236.26,99028270
2025-03-21,0700.HK,513.5,521.5,501.0,507.0,42260479
2025-03-21,563300.SH,1.151,1.153,1.131,1.134,410322584
2025-03-21,588000.SH,1.115,1.12,1.088,1.095,4448786428
2025-03-21,9868.HK,86.05,88.25,83.35,83.5,34406731
2025-03-21,TSLA,234.985,249.52,234.55,248.71,132728684
2025-03-24,0700.HK,509.5,513.0,500.0,508.5,24598555
2025-03-24,563300.SH,1.132,1.136,1.089,1.115,460484001
2025-03-24,588000.SH,1.093,1.101,1.082,1.101,3471115613
2025-03-24,9868.HK,85.0,86.55,82.5,86.25,26083878
2025-03-24,TSLA,258.075,278.64,256.33,278.39,169079865
2025-03-25,0700.HK,508.5,511.0,496.5,497.5,27744935
2025-03-25,563300.SH,1.109,1.117,1.098,1.104,407312200
2025-03-25,588000.SH,1.098,1.102,1.079,1.083,3232179591
2025-03-25,9868.HK,82.55,84.25,79.05,79.8,41245539
2025-03-25,TSLA,283.6,288.2,271.28,288.14,150361538
2025-03-26,0700.HK,497.5,506.0,497.5,502.0,17310634
2025-03-26,563300.SH,1.102,1.129,1.101,1.116,398543100
2025-03-26,588000.SH,1.083,1.093,1.08,1.081,2614354939
2025-03-26,9868.HK,81.1,83.25,80.4,81.35,22090184
2025-03-26,TSLA,282.66,284.9,266.51,272.06,156254441
2025-03-27,0700.HK,504.5,511.5,497.5,504.5,17595617
2025-03-27,563300.SH,1.113,1.121,1.098,1.11,306548200
2025-03-27,588000.SH,1.08,1.106,1.077,1.092,3280840956
2025-03-27,9868.HK,80.45,83.3,78.65,79.1,31880625
2025-03-27,TSLA,272.48,291.85,271.8216,273.13,162572146
2025-03-28,0700.HK,507.0,512.0,499.0,505.0,18594342
2025-03-28,563300.SH,1.106,1.112,1.092,1.093,241340600
2025-03-28,588000.SH,1.09,1.096,1.08,1.081,2310943407
2025-03-28,9868.HK,79.1,80.05,75.95,77.25,26259197
2025-03-28,TSLA,275.575,276.1,260.57,263.55,123809389
2025-03-31,0700.HK,500.5,503.0,490.1,492.5,28036973
2025-03-31,563300.SH,1.082,1.085,1.061,1.081,277710700
2025-03-31,588000.SH,1.074,1.082,1.062,1.074,3305118917
2025-03-31,9868.HK,76.8,79.45,75.65,78.8,21188354
2025-03-31,TSLA,249.31,260.56,243.3601,259.16,134008936
2025-04-01,0700.HK,496.5,507.0,495.5,499.5,19518013
2025-04-01,563300.SH,1.081,1.099,1.08,1.092,254476200
2025-04-01,588000.SH,1.079,1.088,1.073,1.076,2611780785
2025-04-01,9868.HK,81.9,86.25,79.95,83.2,43794785
2025-04-01,TSLA,263.8,277.45,259.25,268.46,146486911
2025-04-02,0700.HK,500.5,504.5,494.7,499.5,14247546
2025-04-02,563300.SH,1.09,1.103,1.086,1.095,218887200
2025-04-02,588000.SH,1.071,1.082,1.071,1.074,1867436602
2025-04-02,9868.HK,81.55,85.45,81.35,82.9,24607417
2025-04-02,TSLA,254.6,284.99,251.27,282.76,212787817
2025-04-03,0700.HK,488.5,496.0,486.7,493.3,29219618
2025-04-03,563300.SH,1.085,1.099,1.073,1.082,271500289
2025-04-03,588000.SH,1.065,1.082,1.063,1.068,2727506264
2025-04-03,9868.HK,79.75,83.6,79.55,81.55,21479773
2025-04-03,TSLA,265.29,276.3,261.51,267.28,136174291
2025-04-04,TSLA,255.38,261.0,236.0,239.43,181229353
2025-04-07,0700.HK,437.3,457.9,426.5,430.9,123364114
2025-04-07,563300.SH,1.02,1.031,0.974,0.974,370865267
2025-04-07,588000.SH,1.016,1.031,0.92,0.97,8238895254
2025-04-07,9868.HK,72.9,74.5,64.05,65.0,64279890
2025-04-07,TSLA,223.78,252.0,214.25,233.29,183453776
2025-04-08,0700.HK,436.3,446.7,425.5,435.9,65120104
2025-04-08,563300.SH,0.951,0.972,0.922,0.945,679178100
2025-04-08,588000.SH,0.978,0.998,0.97,0.986,4393164863
2025-04-08,9868.HK,69.0,69.65,64.45,67.35,46745431
2025-04-08,TSLA,245.0,250.44,217.8,221.86,171603472
2025-04-09,0700.HK,421.5,442.5,414.5,436.7,66484213
2025-04-09,563300.SH,0.922,0.979,0.878,0.972,1053956505
2025-04-09,588000.SH,0.97,1.041,0.961,1.028,6730346439
2025-04-09,9868.HK,63.65,69.3,60.6,68.2,47362485
2025-04-09,TSLA,224.69,274.69,223.88,272.2,219433373
2025-04-10,0700.HK,455.5,457.1,438.5,440.3,57799983
2025-04-10,563300.SH,0.985,1.015,0.983,1.002,785935874
2025-04-10,588000.SH,1.05,1.056,1.033,1.042,4338261284
2025-04-10,9868.HK,72.1,74.75,70.4,71.2,39276230
2025-04-10,TSLA,260.0,262.49,239.33,252.4,181722604
2025-04-11,0700.HK,435.5,448.1,427.5,438.9,46594597
2025-04-11,563300.SH,0.99,1.022,0.989,1.01,590481322
2025-04-11,588000.SH,1.036,1.078,1.034,1.061,4766363944
2025-04-11,9868.HK,70.95,78.15,70.0,75.95,38019073
2025-04-11,TSLA,251.84,257.74,241.3629,252.31,128948085
2025-04-14,0700.HK,448.5,454.7,444.3,449.5,30346489
2025-04-14,563300.SH,1.019,1.04,1.019,1.031,348405822
2025-04-14,588000.SH,1.071,1.076,1.055,1.064,3049339618
2025-04-14,9868.HK,80.0,82.8,79.0,81.1,34004605
2025-04-14,TSLA,258.36,261.8,245.93,252.35,100135241
2025-04-15,0700.HK,460.1,460.1,447.1,451.5,20245398
2025-04-15,563300.SH,1.03,1.035,1.02,1.033,315140110
2025-04-15,588000.SH,1.061,1.062,1.045,1.054,2444326656
2025-04-15,9868.HK,81.35,81.9,77.6,78.8,20351729
2025-04-15,TSLA,249.91,258.75,247.54,254.11,79594318
2025-04-16,0700.HK,446.1,447.1,435.7,443.5,27322773
2025-04-16,563300.SH,1.027,1.028,0.999,1.012,463386132
2025-04-16,588000.SH,1.063,1.065,1.045,1.061,2598860671
2025-04-16,9868.HK,75.85,75.95,72.05,73.35,25507727
2025-04-16,TSLA,247.61,251.97,233.89,241.55,112378737
2025-04-17,0700.HK,445.9,457.5,445.3,453.5,24479822
2025-04-17,563300.SH,1.006,1.029,1.005,1.02,318845100
2025-04-17,588000.SH,1.056,1.074,1.054,1.066,2427389442
2025-04-17,9868.HK,72.85,75.65,71.65,73.55,16699512
2025-04-17,TSLA,243.47,244.34,237.6833,241.37,83404775
2025-04-18,563300.SH,1.019,1.024,1.008,1.017,237869600
2025-04-18,588000.SH,1.063,1.063,1.053,1.059,1769053036
2025-04-21,563300.SH,1.016,1.043,1.01,1.041,284428100
2025-04-21,588000.SH,1.062,1.071,1.057,1.07,2013515227
2025-04-21,TSLA,230.26,232.21,222.79,227.5,97768007
2025-04-22,0700.HK,455.5,458.3,448.7,455.9,24043746
2025-04-22,563300.SH,1.041,1.045,1.034,1.04,224004800
2025-04-22,588000.SH,1.069,1.074,1.062,1.066,1777502359
2025-04-22,9868.HK,73.2,74.25,71.3,73.3,21749726
2025-04-22,TSLA,230.96,242.79,229.8501,237.97,120858452
2025-04-23,0700.HK,471.5,474.9,466.9,469.7,27001392
2025-04-23,563300.SH,1.048,1.058,1.045,1.052,313111900
2025-04-23,588000.SH,1.069,1.073,1.06,1.063,1999656457
2025-04-23,9868.HK,76.5,81.2,74.35,79.7,39513221
2025-04-23,TSLA,254.86,259.4499,244.43,250.74,150381903
2025-04-24,0700.HK,472.5,473.3,460.5,466.5,18912016
2025-04-24,563300.SH,1.05,1.053,1.033,1.039,261344122
2025-04-24,588000.SH,1.063,1.064,1.05,1.052,1706545341
2025-04-24,9868.HK,81.0,82.3,77.0,79.2,28128686
2025-04-24,TSLA,250.5,259.54,249.2,259.51,94464195
2025-04-25,0700.HK,475.5,481.3,470.5,473.7,28746958
2025-04-25,563300.SH,1.042,1.051,1.034,1.041,266657400
2025-04-25,588000.SH,1.052,1.061,1.047,1.054,1922280392
2025-04-25,9868.HK,81.0,81.2,77.1,77.75,20135136
2025-04-25,TSLA,261.69,286.85,259.63,284.95,167560688
2025-04-28,0700.HK,477.9,477.9,470.3,473.7,13805160
2025-04-28,563300.SH,1.04,1.042,1.024,1.028,242039600
2025-04-28,588000.SH,1.054,1.058,1.047,1.051,1329357852
2025-04-28,9868.HK,77.55,77.65,75.55,77.05,16102255
2025-04-28,TSLA,288.98,294.86,272.42,285.88,151731771
2025-04-29,0700.HK,473.3,473.9,464.5,468.5,16367401
2025-04-29,563300.SH,1.026,1.041,1.02,1.036,297653200
2025-04-29,588000.SH,1.048,1.055,1.044,1.053,1417469854
2025-04-29,9868.HK,77.05,77.2,73.2,73.6,32129845
2025-04-29,TSLA,285.5,293.32,279.4695,292.03,108906553
2025-04-30,0700.HK,470.5,472.7,464.9,472.7,15312733
2025-04-30,563300.SH,1.04,1.053,1.038,1.05,369168900
2025-04-30,588000.SH,1.052,1.064,1.05,1.062,1701711098
2025-04-30,9868.HK,72.8,72.85,71.1,72.85,27062560
2025-04-30,TSLA,279.9,284.45,270.78,282.16,128961057
2025-05-01,TSLA,280.01,290.8688,279.81,280.52,99658974
2025-05-02,0700.HK,473.7,485.3,472.9,483.3,13240838
2025-05-02,9868.HK,73.45,78.75,72.1,77.7,11367001
2025-05-02,TSLA,284.9,294.78,279.81,287.21,114454683
2025-05-05,TSLA,284.57,284.849,274.4,280.26,94618882
2025-05-06,0700.HK,487.1,492.3,480.7,490.9,19813305
2025-05-06,563300.SH,1.058,1.082,1.056,1.081,454438053
2025-05-06,588000.SH,1.067,1.078,1.064,1.078,2227058340
2025-05-06,9868.HK,77.6,77.6,74.45,75.1,17336398
2025-05-06,TSLA,273.105,277.73,271.35,275.35,76715792
2025-05-07,0700.HK,504.5,505.0,485.1,485.3,25616342
2025-05-07,563300.SH,1.095,1.113,1.076,1.09,518819653
2025-05-07,588000.SH,1.095,1.098,1.072,1.081,2921993400
2025-05-07,9868.HK,76.95,77.9,74.5,74.8,21858730
2025-05-07,TSLA,276.88,277.92,271.0,276.22,71882408
2025-05-08,0700.HK,482.5,497.5,482.1,493.5,19815740
2025-05-08,563300.SH,1.085,1.102,1.082,1.1,303869882
2025-05-08,588000.SH,1.077,1.081,1.073,1.077,1879556545
2025-05-08,9868.HK,74.5,77.2,74.0,76.1,14583025
2025-05-08,TSLA,279.63,289.8,279.41,284.82,97539448
2025-05-09,0700.HK,495.5,499.0,487.5,490.1,13777285
2025-05-09,563300.SH,1.099,1.099,1.077,1.085,665465200
2025-05-09,588000.SH,1.073,1.074,1.056,1.056,2657854995
2025-05-09,9868.HK,76.25,76.7,74.1,75.2,9708058
2025-05-09,TSLA,290.21,307.04,290.0,298.26,132387835
2025-05-12,0700.HK,499.5,517.0,494.5,513.0,35846811
2025-05-12,563300.SH,1.092,1.101,1.086,1.1,478381901
2025-05-12,588000.SH,1.061,1.067,1.054,1.063,2572618676
2025-05-12,9868.HK,77.45,84.4,77.35,83.2,41690106
2025-05-12,TSLA,321.99,322.21,311.5,318.38,112826661
2025-05-13,0700.HK,515.5,515.5,501.0,501.5,23119901
2025-05-13,563300.SH,1.109,1.109,1.093,1.094,380771701
2025-05-13,588000.SH,1.07,1.072,1.059,1.06,2196199305
2025-05-13,9868.HK,83.0,83.0,78.2,78.75,20630539
2025-05-13,TSLA,320.0,337.5894,316.8,334.07,136992574
2025-05-14,0700.HK,507.5,516.5,506.0,516.5,24294663
2025-05-14,563300.SH,1.094,1.103,1.089,1.097,443509001
2025-05-14,588000.SH,1.062,1.072,1.056,1.065,2625249191
2025-05-14,9868.HK,80.7,83.1,79.5,81.8,20657344
2025-05-14,TSLA,342.5,350.0,337.0,347.68,136997264
2025-05-15,0700.HK,527.0,527.5,510.5,515.5,32799956
2025-05-15,563300.SH,1.095,1.095,1.08,1.082,403408200
2025-05-15,588000.SH,1.062,1.063,1.049,1.05,2311898484
2025-05-15,9868.HK,80.95,81.8,79.55,80.9,13337807
2025-05-15,TSLA,340.34,346.1393,334.7153,342.82,97882596
2025-05-16,0700.HK,509.5,517.0,506.5,508.0,21334027
2025-05-16,563300.SH,1.079,1.096,1.076,1.09,418124400
2025-05-16,588000.SH,1.048,1.05,1.041,1.044,1872882138
2025-05-16,9868.HK,80.5,80.5,77.85,79.7,16713399
2025-05-16,TSLA,346.24,351.62,342.33,349.98,95895665
2025-05-19,0700.HK,508.0,517.0,502.5,514.0,22457714
2025-05-19,563300.SH,1.09,1.1,1.08,1.099,347200700
2025-05-19,588000.SH,1.044,1.049,1.035,1.045,2262026378
2025-05-19,9868.HK,78.8,79.2,76.35,77.6,15907088
2025-05-19,TSLA,336.3,343.0,333.37,342.09,88869853
2025-05-20,0700.HK,512.5,517.5,511.5,517.0,15792185
2025-05-20,563300.SH,1.099,1.111,1.093,1.11,279194893
2025-05-20,588000.SH,1.045,1.052,1.043,1.048,1504395513
2025-05-20,9868.HK,77.8,79.4,77.1,77.55,15495919
2025-05-20,TSLA,347.87,354.9899,341.63,343.82,131715548
2025-05-21,0700.HK,519.0,524.5,515.5,520.5,18924042
2025-05-21,563300.SH,1.106,1.108,1.096,1.101,366500700
2025-05-21,588000.SH,1.047,1.05,1.043,1.045,1486401249
2025-05-21,9868.HK,77.55,78.8,76.45,77.55,20288133
2025-05-21,TSLA,344.43,347.35,332.2,334.62,102354844
2025-05-22,0700.HK,520.0,520.0,513.0,516.5,14281176
2025-05-22,563300.SH,1.096,1.11,1.088,1.088,344055472
2025-05-22,588000.SH,1.044,1.05,1.038,1.039,1717826732
2025-05-22,9868.HK,85.1,85.45,81.05,82.05,49608635
2025-05-22,TSLA,331.9,347.27,331.39,341.04,97113416
2025-05-23,0700.HK,517.0,520.5,512.0,518.0,16262610
2025-05-23,563300.SH,1.087,1.099,1.076,1.077,379069004
2025-05-23,588000.SH,1.038,1.046,1.029,1.03,2262536584
2025-05-23,9868.HK,80.2,81.3,78.6,78.85,29440736
2025-05-23,TSLA,337.92,343.18,333.21,339.34,84654818
2025-05-26,0700.HK,515.0,517.0,508.0,510.0,17286567
2025-05-26,563300.SH,1.076,1.091,1.072,1.091,366045418
2025-05-26,588000.SH,1.035,1.038,1.03,1.035,1636568330
2025-05-26,9868.HK,78.05,80.0,74.85,75.35,23775346
2025-05-27,0700.HK,508.5,514.5,507.0,512.0,14986877
2025-05-27,563300.SH,1.09,1.096,1.081,1.094,262722692
2025-05-27,588000.SH,1.034,1.035,1.025,1.028,1709880805
2025-05-27,9868.HK,75.35,76.25,73.65,75.55,16766387
2025-05-27,TSLA,347.35,363.79,347.32,362.89,120146414
2025-05-28,0700.HK,513.0,515.0,502.5,506.0,16813826
2025-05-28,563300.SH,1.093,1.099,1.087,1.089,368048192
2025-05-28,588000.SH,1.027,1.029,1.022,1.023,1219952352
2025-05-28,9868.HK,75.55,76.5,74.6,76.45,13495730
2025-05-28,TSLA,364.84,365.0,355.91,356.9,91404309
2025-05-29,0700.HK,508.0,512.0,503.5,510.5,19368449
2025-05-29,563300.SH,1.091,1.113,1.089,1.113,376564200
2025-05-29,588000.SH,1.024,1.041,1.024,1.04,2342913675
2025-05-29,9868.HK,76.45,83.15,76.45,80.4,38073011
2025-05-29,TSLA,365.29,367.71,356.0,358.43,88545666
2025-05-30,0700.HK,506.0,506.5,496.0,498.2,28284004
2025-05-30,563300.SH,1.108,1.108,1.091,1.092,341441300
2025-05-30,588000.SH,1.037,1.037,1.028,1.03,1717028303
2025-05-30,9868.HK,79.9,79.9,76.2,76.35,25445652
2025-05-30,TSLA,355.52,363.68,345.29,346.46,123474938
2025-06-02,0700.HK,493.0,499.2,489.6,498.4,13086586
2025-06-02,9868.HK,75.15,76.0,73.35,75.1,9096693
2025-06-02,TSLA,343.5,348.02,333.33,342.69,81873829
2025-06-03,0700.HK,504.0,505.5,501.0,505.0,14609189
2025-06-03,563300.SH,1.088,1.103,1.087,1.1,293571100
2025-06-03,588000.SH,1.028,1.04,1.028,1.034,1514900813
2025-06-03,9868.HK,75.45,77.45,74.95,76.9,18708746
2025-06-03,TSLA,346.595,355.4,343.04,344.27,99324544
2025-06-04,0700.HK,510.0,513.0,507.0,512.0,18378499
2025-06-04,563300.SH,1.101,1.112,1.1,1.112,202308400
2025-06-04,588000.SH,1.034,1.041,1.034,1.04,1269517664
2025-06-04,9868.HK,76.1,80.45,76.1,78.5,24191274
2025-06-04,TSLA,345.095,345.6,327.3308,332.05,98912075
2025-06-05,0700.HK,517.5,517.5,509.0,515.0,19329282
2025-06-05,563300.SH,1.113,1.119,1.103,1.116,213841800
2025-06-05,588000.SH,1.041,1.053,1.036,1.051,2018940133
2025-06-05,9868.HK,79.8,80.8,78.55,79.3,15345643
2025-06-05,TSLA,322.49,324.5499,273.21,284.7,292818655
2025-06-06,0700.HK,515.5,516.5,511.0,515.0,13137101
2025-06-06,563300.SH,1.114,1.115,1.108,1.113,126515500
2025-06-06,588000.SH,1.051,1.051,1.043,1.047,1501665094
2025-06-06,9868.HK,78.8,78.8,75.85,77.9,37715830
2025-06-06,TSLA,298.83,305.5,291.14,295.14,164747685
2025-06-09,0700.HK,520.0,521.0,512.5,518.0,18481403
2025-06-09,563300.SH,1.114,1.13,1.114,1.129,186285200
2025-06-09,588000.SH,1.048,1.057,1.045,1.053,1642273162
2025-06-09,9868.HK,77.55,79.55,76.25,78.55,22168119
2025-06-09,TSLA,285.955,309.83,281.85,308.58,140908876
2025-06-10,0700.HK,519.5,520.0,508.5,513.5,17039003
2025-06-10,563300.SH,1.131,1.131,1.104,1.118,285996174
2025-06-10,588000.SH,1.054,1.054,1.027,1.032,2868078980
2025-06-10,9868.HK,79.1,81.25,78.1,79.4,23477983
2025-06-10,TSLA,314.94,327.83,310.667,326.09,151256520
2025-06-11,0700.HK,517.0,518.0,514.5,518.0,14784979
2025-06-11,563300.SH,1.119,1.128,1.117,1.122,214916218
2025-06-11,588000.SH,1.033,1.04,1.03,1.031,2011755904
2025-06-11,9868.HK,79.4,81.9,79.4,81.8,20274292
2025-06-11,TSLA,334.395,335.5,322.5,326.43,122611360
2025-06-12,0700.HK,518.0,518.0,508.0,510.0,13368048
2025-06-12,563300.SH,1.118,1.131,1.115,1.127,264918000
2025-06-12,588000.SH,1.029,1.032,1.024,1.027,1548494294
2025-06-12,9868.HK,79.1,79.2,76.3,76.35,38922300
2025-06-12,TSLA,323.075,332.56,316.86,319.11,105127536
2025-06-13,0700.HK,510.5,515.5,506.0,510.0,19085310
2025-06-13,563300.SH,1.123,1.125,1.105,1.106,478469900
2025-06-13,588000.SH,1.023,1.028,1.016,1.022,2264738115
2025-06-13,9868.HK,76.0,76.3,71.5,72.4,49832584
2025-06-13,TSLA,313.97,332.99,313.3,325.31,128964279
2025-06-16,0700.HK,507.0,512.0,504.5,509.5,13784320
2025-06-16,563300.SH,1.103,1.119,1.102,1.117,261808000
2025-06-16,588000.SH,1.02,1.025,1.018,1.021,1415265618
2025-06-16,9868.HK,72.3,74.3,71.45,73.8,17394949
2025-06-16,TSLA,331.29,332.05,326.41,329.13,83925858
2025-06-17,0700.HK,514.0,514.0,506.5,513.5,11524031
2025-06-17,563300.SH,1.118,1.123,1.11,1.117,174638200
2025-06-17,588000.SH,1.022,1.023,1.01,1.012,2550102150
2025-06-17,9868.HK,74.0,74.4,72.8,73.2,10205752
2025-06-17,TSLA,326.09,327.26,314.74,316.35,88282669
2025-06-18,0700.HK,510.0,511.0,503.5,508.0,15187515
2025-06-18,563300.SH,1.114,1.117,1.103,1.115,262343002
2025-06-18,588000.SH,1.011,1.021,1.009,1.018,2141285912
2025-06-18,9868.HK,73.5,74.7,72.8,73.85,13097938
2025-06-18,TSLA,317.31,329.32,315.45,322.05,95137686
2025-06-19,0700.HK,503.0,506.0,496.0,498.0,19387767
2025-06-19,563300.SH,1.111,1.115,1.09,1.092,285431400
2025-06-19,588000.SH,1.016,1.024,1.009,1.012,2254476433
2025-06-19,9868.HK,73.75,74.25,71.3,71.75,16223321
2025-06-20,0700.HK,504.5,505.5,496.0,505.5,20622275
2025-06-20,563300.SH,1.094,1.097,1.081,1.082,267829900
2025-06-20,588000.SH,1.012,1.017,1.005,1.006,1807987926
2025-06-20,9868.HK,72.0,72.45,70.9,72.45,18314957
2025-06-20,TSLA,327.95,332.36,317.78,322.16,108688008
2025-06-23,0700.HK,498.2,504.0,494.6,504.0,14252887
2025-06-23,563300.SH,1.076,1.104,1.074,1.104,310723900
2025-06-23,588000.SH,1.002,1.015,1.001,1.012,2242991457
2025-06-23,9868.HK,70.9,74.4,69.75,74.35,17415238
2025-06-23,TSLA,327.54,357.54,327.48,348.68,190716815
2025-06-24,0700.HK,508.0,511.0,504.0,509.5,17768858
2025-06-24,563300.SH,1.105,1.131,1.104,1.13,431257700
2025-06-24,588000.SH,1.014,1.032,1.013,1.029,3308880656
2025-06-24,9868.HK,75.5,77.8,75.45,76.7,28808899
2025-06-24,TSLA,356.17,356.26,340.44,340.47,114736245
2025-06-25,0700.HK,512.0,515.0,508.0,512.5,17592461
2025-06-25,563300.SH,1.133,1.139,1.125,1.138,380169500
2025-06-25,588000.SH,1.032,1.049,1.027,1.048,4227907594
2025-06-25,9868.HK,76.95,77.35,75.65,76.45,13760131
2025-06-25,TSLA,342.7,343.0,320.4,327.55,119845050
2025-06-26,0700.HK,512.0,513.0,507.5,513.0,15000643
2025-06-26,563300.SH,1.138,1.146,1.13,1.133,335530956
2025-06-26,588000.SH,1.047,1.058,1.041,1.041,3141663894
2025-06-26,9868.HK,75.6,77.1,73.65,74.15,19748848
2025-06-26,TSLA,324.61,331.05,323.61,325.78,80440907
2025-06-27,0700.HK,512.0,514.5,510.0,513.0,15181667
2025-06-27,563300.SH,1.137,1.144,1.133,1.137,302563056
2025-06-27,588000.SH,1.045,1.05,1.039,1.041,2575027662
2025-06-27,9868.HK,71.4,72.7,70.05,71.8,42719045
2025-06-27,TSLA,324.51,329.3393,317.495,323.63,89067049
2025-06-30,0700.HK,509.0,511.5,503.0,503.0,18464531
2025-06-30,563300.SH,1.14,1.157,1.139,1.156,226783500
2025-06-30,588000.SH,1.043,1.056,1.043,1.056,2762805118
2025-06-30,9868.HK,71.8,72.4,70.55,70.6,20252624
2025-06-30,TSLA,319.9,325.5799,316.6,317.66,76695081
2025-07-01,563300.SH,1.156,1.162,1.146,1.16,235370278
2025-07-01,588000.SH,1.055,1.055,1.044,1.048,2168084438
2025-07-01,TSLA,298.46,305.89,293.21,300.71,145085665
2025-07-02,0700.HK,508.0,508.5,500.0,501.5,18203168
2025-07-02,563300.SH,1.157,1.157,1.145,1.151,192194669
2025-07-02,588000.SH,1.046,1.046,1.032,1.035,2580734333
2025-07-02,9868.HK,72.0,72.7,70.95,72.15,18608838
2025-07-02,TSLA,312.63,316.832,303.82,315.65,119483730
2025-07-03,0700.HK,500.0,503.5,493.8,501.0,18956331
2025-07-03,563300.SH,1.151,1.16,1.147,1.158,184026900
2025-07-03,588000.SH,1.036,1.039,1.032,1.036,1742698326
2025-07-03,9868.HK,72.5,73.95,72.0,73.95,19176337
2025-07-03,TSLA,317.99,318.45,312.76,315.35,58042302
2025-07-04,0700.HK,493.0,501.5,493.0,496.8,14658173
2025-07-04,563300.SH,1.157,1.159,1.142,1.145,355576199
2025-07-04,588000.SH,1.037,1.049,1.027,1.035,3236463240
2025-07-04,9868.HK,72.5,72.95,68.0,69.1,61366906
2025-07-07,0700.HK,495.2,502.0,494.0,502.0,11631687
2025-07-07,563300.SH,1.144,1.153,1.142,1.151,232306244
2025-07-07,588000.SH,1.033,1.038,1.028,1.029,1688426524
2025-07-07,9868.HK,69.2,71.05,68.6,70.95,25757165
2025-07-07,TSLA,291.37,296.15,288.7701,293.94,131177949
2025-07-08,0700.HK,505.0,505.0,500.0,504.5,13172857
2025-07-08,563300.SH,1.151,1.17,1.15,1.17,319418845
2025-07-08,588000.SH,1.031,1.045,1.028,1.044,2776940532
2025-07-08,9868.HK,70.4,71.2,70.0,71.0,16237265
2025-07-08,TSLA,297.0,304.0499,294.35,297.81,103246742
2025-07-09,0700.HK,504.0,504.0,495.0,497.6,17820435
2025-07-09,563300.SH,1.171,1.177,1.163,1.166,223486544
2025-07-09,588000.SH,1.044,1.046,1.033,1.036,2359739011
2025-07-09,9868.HK,70.75,71.85,69.05,69.5,16606668
2025-07-09,TSLA,297.55,300.15,293.55,295.88,75586771
2025-07-10,0700.HK,497.6,499.6,494.2,496.6,14032556
2025-07-10,563300.SH,1.166,1.172,1.161,1.167,222695147
2025-07-10,588000.SH,1.034,1.038,1.03,1.033,2675848482
2025-07-10,9868.HK,69.25,69.5,67.6,67.7,23314232
2025-07-10,TSLA,300.05,310.48,300.0,309.87,104365271
2025-07-11,0700.HK,497.0,505.0,496.6,496.6,19225560
2025-07-11,563300.SH,1.169,1.178,1.161,1.175,497807066
2025-07-11,588000.SH,1.033,1.052,1.031,1.047,4454102666
2025-07-11,9868.HK,67.85,69.7,67.8,68.3,21283820
2025-07-11,TSLA,307.89,314.09,305.65,313.51,79236442
2025-07-14,0700.HK,497.0,501.5,496.0,500.0,11704663
2025-07-14,563300.SH,1.174,1.182,1.171,1.178,341851805
2025-07-14,588000.SH,1.048,1.052,1.044,1.046,2667962535
2025-07-14,9868.HK,68.05,69.2,67.15,68.85,15339857
2025-07-14,TSLA,317.73,322.5986,312.67,316.9,78043430
2025-07-15,0700.HK,502.5,518.0,500.0,517.5,27446891
2025-07-15,563300.SH,1.177,1.177,1.157,1.171,339316320
2025-07-15,588000.SH,1.044,1.05,1.037,1.048,3542789761
2025-07-15,9868.HK,68.9,70.8,68.6,70.8,17232321
2025-07-15,TSLA,319.675,321.2,310.5,310.78,77556346
2025-07-16,0700.HK,520.0,526.0,516.0,516.5,23250693
2025-07-16,563300.SH,1.171,1.181,1.168,1.177,250481120
2025-07-16,588000.SH,1.05,1.06,1.045,1.049,3614903748
2025-07-16,9868.HK,70.55,72.4,69.9,70.3,18383804
2025-07-16,TSLA,312.8,323.5,312.62,321.67,97284786
2025-07-17,0700.HK,519.5,519.5,511.0,517.0,13735794
2025-07-17,563300.SH,1.176,1.19,1.173,1.19,355999114
2025-07-17,588000.SH,1.048,1.057,1.044,1.057,3487762646
2025-07-17,9868.HK,70.5,71.55,69.95,71.1,12006378
2025-07-17,TSLA,323.15,324.34,317.0601,319.41,73922870
2025-07-18,0700.HK,525.0,525.0,516.5,519.0,13781113
2025-07-18,563300.SH,1.192,1.194,1.182,1.19,242532420
2025-07-18,588000.SH,1.06,1.065,1.054,1.06,2881964301
2025-07-18,9868.HK,71.9,72.35,71.2,71.95,12423915
2025-07-18,TSLA,321.66,330.9,321.42,329.65,94254993
2025-07-21,0700.HK,522.5,522.5,514.5,521.5,13273287
2025-07-21,563300.SH,1.191,1.208,1.19,1.208,235707100
2025-07-21,588000.SH,1.059,1.063,1.057,1.061,2473550290
2025-07-21,9868.HK,72.25,72.5,71.2,72.15,12013713
2025-07-21,TSLA,334.4,338.0,326.88,328.49,75768797
2025-07-22,0700.HK,521.5,526.0,519.0,526.0,17600260
2025-07-22,563300.SH,1.209,1.21,1.199,1.209,324711200
2025-07-22,588000.SH,1.061,1.072,1.059,1.069,3829518031
2025-07-22,9868.HK,72.0,72.4,71.2,72.15,9405323
2025-07-22,TSLA,329.74,335.4098,321.55,332.11,77370371
2025-07-23,0700.HK,530.0,552.0,527.0,552.0,46744850
2025-07-23,563300.SH,1.208,1.209,1.195,1.197,232827313
2025-07-23,588000.SH,1.07,1.084,1.067,1.074,4582049707
2025-07-23,9868.HK,73.8,74.85,73.4,74.05,25510237
2025-07-23,TSLA,330.9,336.2,328.67,332.56,92553756
2025-07-24,0700.HK,553.5,560.0,548.0,557.0,24180342
2025-07-24,563300.SH,1.198,1.212,1.196,1.21,236180900
2025-07-24,588000.SH,1.072,1.087,1.072,1.086,3562410324
2025-07-24,9868.HK,73.85,77.5,73.5,75.9,26179928
2025-07-24,TSLA,310.0,310.15,300.41,305.3,156966023
2025-07-25,0700.HK,552.0,555.0,546.0,550.5,19886923
2025-07-25,563300.SH,1.21,1.215,1.205,1.213,210763935
2025-07-25,588000.SH,1.086,1.115,1.082,1.109,4841485687
2025-07-25,9868.HK,75.9,76.0,74.8,75.3,10446692
2025-07-25,TSLA,308.74,323.63,308.01,316.06,148227027
2025-07-28,0700.HK,550.5,558.0,546.5,555.5,14661199
2025-07-28,563300.SH,1.214,1.221,1.211,1.218,216942379
2025-07-28,588000.SH,1.111,1.114,1.103,1.11,3824352909
2025-07-28,9868.HK,75.3,76.5,74.1,75.15,13217222
2025-07-28,TSLA,318.45,330.49,315.69,325.59,112673755
2025-07-29,0700.HK,551.5,556.5,546.0,555.0,16847424
2025-07-29,563300.SH,1.217,1.226,1.208,1.225,196171000
2025-07-29,588000.SH,1.106,1.127,1.105,1.125,3751617205
2025-07-29,9868.HK,74.95,75.75,73.65,74.85,10917503
2025-07-29,TSLA,325.55,326.25,318.25,321.2,87358861
2025-07-30,0700.HK,550.0,556.0,542.5,549.0,19362555
2025-07-30,563300.SH,1.22,1.22,1.202,1.213,218313112
2025-07-30,588000.SH,1.122,1.129,1.105,1.112,4020255527
2025-07-30,9868.HK,72.9,72.9,70.25,70.6,25651799
2025-07-30,TSLA,322.18,324.4499,311.6164,319.04,83931942
2025-07-31,0700.HK,547.0,559.0,545.0,550.0,20453269
2025-07-31,563300.SH,1.209,1.222,1.2,1.203,298028209
2025-07-31,588000.SH,1.109,1.126,1.099,1.101,5284306318
2025-07-31,9868.HK,71.15,72.45,70.15,71.6,13913256
2025-07-31,TSLA,319.605,321.37,306.1,308.27,85270919
2025-08-01,0700.HK,551.5,554.5,533.5,535.0,21203861
2025-08-01,563300.SH,1.205,1.211,1.202,1.207,334259249
2025-08-01,588000.SH,1.101,1.111,1.082,1.091,3715716886
2025-08-01,9868.HK,71.85,73.2,71.3,71.3,10859531
2025-08-01,TSLA,306.205,309.31,297.82,302.63,89121446
2025-08-04,0700.HK,536.0,551.5,533.0,550.0,17340007
2025-08-04,563300.SH,1.203,1.228,1.197,1.227,367850900
2025-08-04,588000.SH,1.087,1.105,1.086,1.104,2668065561
2025-08-04,9868.HK,71.1,73.65,71.1,73.3,14050098
2025-08-04,TSLA,309.08,312.1186,303.0001,309.26,78683905
2025-08-05,0700.HK,554.5,559.0,549.0,559.0,17347823
2025-08-05,563300.SH,1.227,1.244,1.226,1.24,223667900
2025-08-05,588000.SH,1.103,1.109,1.101,1.109,2156832788
2025-08-05,9868.HK,73.85,75.45,73.8,75.05,14774469
2025-08-05,TSLA,308.95,312.4499,305.5,308.72,57961278
2025-08-06,0700.HK,560.0,570.0,558.0,568.5,20737133
2025-08-06,563300.SH,1.242,1.253,1.236,1.251,332011100
2025-08-06,588000.SH,1.108,1.115,1.104,1.113,2462775999
2025-08-06,9868.HK,75.8,77.7,74.1,77.3,21847934
2025-08-06,TSLA,307.89,320.47,306.9345,319.91,78523579
2025-08-07,0700.HK,571.0,572.0,560.5,567.0,16940382
2025-08-07,563300.SH,1.253,1.255,1.243,1.251,236484581
2025-08-07,588000.SH,1.113,1.123,1.107,1.112,3444161696
2025-08-07,9868.HK,76.0,77.5,75.2,76.95,17674228
2025-08-07,TSLA,319.79,322.4,316.16,322.27,66658672
2025-08-08,0700.HK,567.0,568.5,557.5,561.0,13305719
2025-08-08,563300.SH,1.249,1.25,1.239,1.246,237019456
2025-08-08,588000.SH,1.109,1.109,1.095,1.096,2866433200
2025-08-08,9868.HK,76.5,79.75,76.5,79.35,20557844
2025-08-08,TSLA,321.43,335.15,320.98,329.65,91200319
2025-08-11,0700.HK,561.0,562.5,553.5,561.0,11790350
2025-08-11,563300.SH,1.248,1.267,1.247,1.266,347133620
2025-08-11,588000.SH,1.096,1.107,1.096,1.103,2502165351
2025-08-11,9868.HK,79.95,85.85,79.7,83.6,39376306
2025-08-11,TSLA,335.0,346.64,334.15,339.03,105320174
2025-08-12,0700.HK,557.5,564.5,556.0,559.5,13827897
2025-08-12,563300.SH,1.266,1.269,1.255,1.269,280348312
2025-08-12,588000.SH,1.103,1.133,1.098,1.124,4946985066
2025-08-12,9868.HK,83.0,83.95,81.1,82.0,13213756
2025-08-12,TSLA,345.0,345.26,332.94,340.84,80690111
2025-08-13,0700.HK,568.0,586.0,566.0,586.0,37596415
2025-08-13,563300.SH,1.271,1.28,1.265,1.279,371658071
2025-08-13,588000.SH,1.124,1.134,1.122,1.133,3803815058
2025-08-13,9868.HK,79.95,79.95,78.05,79.8,17764121
2025-08-13,TSLA,341.5,348.98,338.2,339.38,67838892
2025-08-14,0700.HK,600.0,600.0,589.0,590.0,36339315
2025-08-14,563300.SH,1.277,1.279,1.254,1.255,425066200
2025-08-14,588000.SH,1.134,1.166,1.134,1.142,6767811407
2025-08-14,9868.HK,79.8,79.85,77.35,77.65,15914660
2025-08-14,TSLA,335.76,340.4699,330.4,335.58,75000662
2025-08-15,0700.HK,587.0,596.5,584.5,592.0,22176876
2025-08-15,563300.SH,1.254,1.28,1.253,1.28,409392300
2025-08-15,588000.SH,1.135,1.161,1.132,1.158,3705323699
2025-08-15,9868.HK,79.0,79.15,76.15,77.4,19682927
2025-08-15,TSLA,337.655,339.3,327.02,330.56,74319792
2025-08-18,0700.HK,594.0,596.0,587.0,587.0,17590658
2025-08-18,563300.SH,1.287,1.308,1.284,1.302,337984341
2025-08-18,588000.SH,1.171,1.196,1.161,1.183,5843084673
2025-08-18,9868.HK,78.75,80.15,77.95,78.5,15868491
2025-08-18,TSLA,329.62,336.27,329.59,335.16,56956552
2025-08-19,0700.HK,588.0,597.0,583.0,592.5,16359474
2025-08-19,563300.SH,1.305,1.319,1.297,1.313,266879829
2025-08-19,588000.SH,1.181,1.191,1.168,1.17,3737587297
2025-08-19,9868.HK,78.2,78.4,75.85,77.05,15054075
2025-08-19,TSLA,335.79,340.55,327.85,329.31,75956002
2025-08-20,0700.HK,589.0,594.5,585.5,590.5,15952765
2025-08-20,563300.SH,1.306,1.324,1.298,1.323,297141336
2025-08-20,588000.SH,1.166,1.208,1.162,1.208,5255683450
2025-08-20,9868.HK,79.75,81.8,79.25,80.45,35446223
2025-08-20,TSLA,329.22,331.37,314.6,323.9,77481768
2025-08-21,0700.HK,590.5,597.0,589.5,593.0,14290178
2025-08-21,563300.SH,1.329,1.329,1.308,1.316,319665436
2025-08-21,588000.SH,1.209,1.233,1.201,1.208,4520834899
2025-08-21,9868.HK,79.35,81.15,78.7,80.9,15037660
2025-08-21,TSLA,322.08,324.9,318.68,320.11,55744445
2025-08-22,0700.HK,599.0,606.5,595.5,600.0,19378950
2025-08-22,563300.SH,1.319,1.327,1.311,1.325,469542063
2025-08-22,588000.SH,1.218,1.325,1.218,1.323,9416192718
2025-08-22,9868.HK,88.45,92.25,87.25,91.9,70833441
2025-08-22,TSLA,321.66,340.25,319.69,340.01,94016347
2025-08-25,0700.HK,608.5,621.0,608.0,614.5,25694519
2025-08-25,563300.SH,1.336,1.339,1.32,1.334,669099189
2025-08-25,588000.SH,1.343,1.388,1.316,1.356,9172014149
2025-08-25,9868.HK,92.8,94.0,90.3,91.5,24087375
2025-08-25,TSLA,338.9,349.53,335.03,346.6,86670037
2025-08-26,0700.HK,612.0,618.0,609.5,609.5,20656474
2025-08-26,563300.SH,1.331,1.343,1.324,1.334,257893861
2025-08-26,588000.SH,1.34,1.35,1.321,1.336,4579956285
2025-08-26,9868.HK,90.8,94.8,88.95,94.15,23578893
2025-08-26,TSLA,344.93,351.9,343.72,351.67,76651550
2025-08-27,0700.HK,613.0,614.5,595.0,599.0,21263402
2025-08-27,563300.SH,1.332,1.343,1.3,1.304,405447175
2025-08-27,588000.SH,1.35,1.4,1.336,1.337,8082918710
2025-08-27,9868.HK,95.05,96.3,91.75,92.5,20845113
2025-08-27,TSLA,351.94,355.39,349.156,349.6,65519012
2025-08-28,0700.HK,595.0,599.0,590.0,594.0,21712370
2025-08-28,563300.SH,1.306,1.317,1.268,1.312,507732247
2025-08-28,588000.SH,1.34,1.435,1.34,1.433,9189322431
2025-08-28,9868.HK,87.95,88.35,84.05,84.9,35570000
2025-08-28,TSLA,350.91,353.55,340.26,345.98,67903224
2025-08-29,0700.HK,595.5,605.0,594.0,596.5,18234935
2025-08-29,563300.SH,1.307,1.319,1.298,1.308,367240369
2025-08-29,588000.SH,1.4,1.417,1.383,1.412,5358240191
2025-08-29,9868.HK,85.1,86.85,83.45,83.9,19848874
2025-08-29,TSLA,347.23,348.7499,331.7,333.87,81145660
2025-09-01,0700.HK,605.0,610.0,601.5,605.0,15958837
2025-09-01,563300.SH,1.308,1.33,1.307,1.325,356269873
2025-09-01,588000.SH,1.419,1.438,1.391,1.431,4430739554
2025-09-01,9868.HK,82.7,84.0,81.35,83.1,18976775
2025-09-02,0700.HK,605.5,608.5,599.0,600.5,14808157
2025-09-02,563300.SH,1.325,1.325,1.283,1.297,408343335
2025-09-02,588000.SH,1.426,1.435,1.378,1.394,4975416881
2025-09-02,9868.HK,84.0,84.15,80.15,80.75,18900050
2025-09-02,TSLA,328.23,333.33,325.6,329.36,58391952
2025-09-03,0700.HK,606.5,613.0,596.0,598.5,15523985
2025-09-03,563300.SH,1.3,1.305,1.268,1.272,246625944
2025-09-03,588000.SH,1.388,1.392,1.355,1.365,4124614334
2025-09-03,9868.HK,81.75,81.9,78.35,78.95,16138423
2025-09-03,TSLA,335.2,343.33,328.51,334.09,88733288
2025-09-04,0700.HK,605.0,605.0,591.0,592.5,18003934
2025-09-04,563300.SH,1.275,1.285,1.24,1.259,387554515
2025-09-04,588000.SH,1.362,1.367,1.26,1.282,6078071151
2025-09-04,9868.HK,78.95,79.2,76.5,77.05,21673599
2025-09-04,TSLA,336.15,338.89,331.48,338.53,60711033
2025-09-05,0700.HK,599.5,609.0,595.5,605.5,19047729
2025-09-05,563300.SH,1.262,1.297,1.254,1.295,433769047
2025-09-05,588000.SH,1.282,1.335,1.27,1.326,4937745361
2025-09-05,9868.HK,77.2,78.05,76.6,77.9,23708573
2025-09-05,TSLA,348.0,355.87,344.6801,350.84,108989785
2025-09-08,0700.HK,605.5,619.0,605.0,617.5,21815489
2025-09-08,563300.SH,1.295,1.309,1.289,1.307,485468682
2025-09-08,588000.SH,1.327,1.335,1.303,1.328,3709118578
2025-09-08,9868.HK,78.3,79.95,76.4,79.3,20061226
2025-09-08,TSLA,354.64,358.44,344.84,346.4,75208290
2025-09-09,0700.HK,620.0,628.0,617.5,627.0,19871460
2025-09-09,563300.SH,1.307,1.307,1.282,1.29,230537028
2025-09-09,588000.SH,1.315,1.335,1.301,1.307,3248113086
2025-09-09,9868.HK,80.3,81.7,79.6,80.85,18197417
2025-09-09,TSLA,348.44,350.77,343.82,346.97,53815991
2025-09-10,0700.HK,630.0,639.0,628.0,633.5,19193376
2025-09-10,563300.SH,1.288,1.301,1.282,1.291,178504967
2025-09-10,588000.SH,1.314,1.334,1.307,1.321,3349154500
2025-09-10,9868.HK,81.1,81.95,79.55,80.35,14886446
2025-09-10,TSLA,350.55,356.33,346.07,347.79,72121679
2025-09-11,0700.HK,633.0,633.0,624.0,629.5,18191860
2025-09-11,563300.SH,1.29,1.316,1.274,1.316,339827827
2025-09-11,588000.SH,1.314,1.4,1.304,1.393,5414482304
2025-09-11,9868.HK,78.35,79.3,77.65,78.85,14283702
2025-09-11,TSLA,350.17,368.99,347.6,368.81,103756010
2025-09-12,0700.HK,645.0,649.0,642.0,643.5,20780375
2025-09-12,563300.SH,1.315,1.319,1.303,1.309,218396147
2025-09-12,588000.SH,1.393,1.43,1.388,1.406,4457831489
2025-09-12,9868.HK,80.05,82.45,80.05,81.4,16429916
2025-09-12,TSLA,370.94,396.6899,370.24,395.94,168156391
2025-09-15,0700.HK,646.0,648.5,637.5,643.5,16371242
2025-09-15,563300.SH,1.31,1.314,1.303,1.305,262372900
2025-09-15,588000.SH,1.431,1.435,1.398,1.409,3717947964
2025-09-15,9868.HK,81.1,84.2,80.8,82.7,13881016
2025-09-15,TSLA,423.13,425.7,402.43,410.04,163823667
2025-09-16,0700.HK,647.0,649.5,640.5,645.0,13339685
2025-09-16,563300.SH,1.309,1.328,1.302,1.328,254864915
2025-09-16,588000.SH,1.413,1.439,1.413,1.426,3881600451
2025-09-16,9868.HK,83.5,83.75,81.35,83.3,12109316
2025-09-16,TSLA,414.495,423.25,411.43,421.62,104285721
2025-09-17,0700.HK,646.5,663.5,645.0,661.5,22349048
2025-09-17,563300.SH,1.326,1.336,1.321,1.33,184493504
2025-09-17,588000.SH,1.421,1.449,1.405,1.44,3803763523
2025-09-17,9868.HK,83.05,85.25,81.9,84.9,20974023
2025-09-17,TSLA,415.75,428.312095,409.67,425.86,106133532
2025-09-18,0700.HK,662.0,664.5,635.5,642.0,29989898
2025-09-18,563300.SH,1.329,1.348,1.302,1.316,263117748
2025-09-18,588000.SH,1.456,1.506,1.413,1.45,6170960059
2025-09-18,9868.HK,83.95,85.75,80.3,81.35,29332325
2025-09-18,TSLA,428.865,432.2199,416.56,416.85,90454509
2025-09-19,0700.HK,647.0,647.0,638.0,642.5,20805608
2025-09-19,563300.SH,1.316,1.322,1.297,1.305,160782784
2025-09-19,588000.SH,1.456,1.471,1.426,1.431,4392227652
2025-09-19,9868.HK,83.0,85.45,81.85,84.15,20168333
2025-09-19,TSLA,421.82,429.47,421.72,426.07,93131034
2025-09-22,0700.HK,642.0,643.5,634.0,641.0,12899662
2025-09-22,563300.SH,1.31,1.314,1.298,1.314,134426476
2025-09-22,588000.SH,1.426,1.494,1.42,1.479,4249907377
2025-09-22,9868.HK,84.2,84.75,82.5,83.25,8054703
2025-09-22,TSLA,431.11,444.98,429.13,434.21,97108777
2025-09-23,0700.HK,641.5,643.5,627.0,635.5,15293080
2025-09-23,563300.SH,1.314,1.318,1.27,1.294,255824410
2025-09-23,588000.SH,1.478,1.49,1.432,1.475,4504334098
2025-09-23,9868.HK,83.7,84.6,81.3,83.9,12102578
2025-09-23,TSLA,439.88,440.97,423.72,425.85,83422691
2025-09-24,0700.HK,633.5,651.0,628.0,648.5,18440788
2025-09-24,563300.SH,1.288,1.32,1.281,1.319,231305774
2025-09-24,588000.SH,1.464,1.553,1.462,1.53,4901522216
2025-09-24,9868.HK,83.2,83.7,82.05,83.3,9807848
2025-09-24,TSLA,429.83,444.21,429.0301,442.79,93133570
2025-09-25,0700.HK,651.0,659.0,643.5,650.0,17384258
2025-09-25,563300.SH,1.319,1.325,1.304,1.308,160339960
2025-09-25,588000.SH,1.524,1.56,1.521,1.548,3290993707
2025-09-25,9868.HK,83.2,87.95,82.4,86.45,24490566
2025-09-25,TSLA,435.24,435.35,419.08,423.39,96746426
2025-09-26,0700.HK,645.0,653.0,640.0,644.0,19504951
2025-09-26,563300.SH,1.303,1.311,1.291,1.291,161279127
2025-09-26,588000.SH,1.538,1.559,1.521,1.524,2887390253
2025-09-26,9868.HK,88.8,93.45,86.9,90.8,44489389
2025-09-26,TSLA,428.3,440.47,421.02,440.4,101628160
2025-09-29,0700.HK,649.5,664.5,647.5,660.0,20489556
2025-09-29,563300.SH,1.293,1.305,1.281,1.303,243806102
2025-09-29,588000.SH,1.516,1.544,1.495,1.543,3514297819
2025-09-29,9868.HK,90.55,90.7,88.75,89.9,15378799
2025-09-29,TSLA,444.35,450.98,439.5,443.21,79491510
2025-09-30,0700.HK,658.0,666.5,657.5,663.0,20610633
2025-09-30,563300.SH,1.306,1.313,1.301,1.305,211347393
2025-09-30,588000.SH,1.561,1.58,1.552,1.57,3303938554
2025-09-30,9868.HK,90.1,93.5,89.0,93.15,17774045
2025-09-30,TSLA,441.52,445.0,433.12,444.72,74357960
2025-10-01,TSLA,443.8,462.29,440.75,459.46,98122285
2025-10-02,0700.HK,667.5,683.0,665.5,676.5,17137745
2025-10-02,9868.HK,92.45,95.75,91.15,95.05,10862000
2025-10-02,TSLA,470.54,470.75,435.57,436.0,137008950
2025-10-03,0700.HK,677.0,680.0,670.0,673.5,7125093
2025-10-03,9868.HK,92.8,93.75,90.05,92.35,6545286
2025-10-03,TSLA,443.285,446.77,416.575,429.83,133188180
2025-10-06,0700.HK,675.0,682.5,670.0,677.5,7828323
2025-10-06,9868.HK,88.6,91.3,88.6,90.65,4658144
2025-10-06,TSLA,440.75,453.55,436.69,453.25,85324878
2025-10-07,TSLA,447.82,452.68,432.4501,433.09,102296082
2025-10-08,0700.HK,680.0,680.0,669.5,675.0,10540730
2025-10-08,9868.HK,92.55,93.45,90.75,92.15,4080661
2025-10-08,TSLA,437.57,441.33,425.23,438.69,71192128
2025-10-09,0700.HK,675.0,681.0,665.5,675.5,14454705
2025-10-09,563300.SH,1.31,1.319,1.304,1.315,176803441
2025-10-09,588000.SH,1.607,1.667,1.596,1.618,4377525911
2025-10-09,9868.HK,93.95,94.5,90.2,90.85,13938415
2025-10-09,TSLA,431.81,436.35,426.18,435.54,69339928
2025-10-10,0700.HK,669.0,669.0,647.5,651.5,19904705
2025-10-10,563300.SH,1.312,1.319,1.303,1.305,174220271
2025-10-10,588000.SH,1.585,1.592,1.516,1.528,5690191022
2025-10-10,9868.HK,88.85,88.85,86.35,87.05,16580547
2025-10-10,TSLA,436.54,443.13,411.45,413.49,112107870
2025-10-13,0700.HK,630.0,648.5,622.5,639.0,38012175
2025-10-13,563300.SH,1.261,1.309,1.255,1.303,234661637
2025-10-13,588000.SH,1.47,1.55,1.47,1.546,4771059916
2025-10-13,9868.HK,84.2,84.95,81.1,84.15,24911444
2025-10-13,TSLA,423.53,436.89,419.7,435.9,79552785
2025-10-14,0700.HK,642.5,644.0,617.0,621.0,26797863
2025-10-14,563300.SH,1.308,1.324,1.28,1.287,212604547
2025-10-14,588000.SH,1.56,1.563,1.47,1.481,4989998757
2025-10-14,9868.HK,85.55,88.25,81.9,82.5,22956921
2025-10-14,TSLA,426.79,434.2,417.86,429.24,72669438
2025-10-15,0700.HK,624.5,633.0,620.5,627.0,18381023
2025-10-15,563300.SH,1.285,1.309,1.276,1.309,199042245
2025-10-15,588000.SH,1.479,1.502,1.46,1.501,3697320745
2025-10-15,9868.HK,83.8,86.5,83.15,85.8,14631444
2025-10-15,TSLA,434.9,440.51,426.3301,435.15,71558185
2025-10-16,0700.HK,626.0,629.0,615.5,620.0,14285465
2025-10-16,563300.SH,1.306,1.308,1.287,1.291,117976091
2025-10-16,588000.SH,1.487,1.516,1.479,1.487,3253715921
2025-10-16,9868.HK,84.6,85.6,81.55,82.8,17412271
2025-10-16,TSLA,434.73,439.35,421.3101,428.75,77189889
2025-10-17,0700.HK,618.5,620.5,602.5,608.0,18654519
2025-10-17,563300.SH,1.291,1.294,1.255,1.256,149932643
2025-10-17,588000.SH,1.478,1.487,1.428,1.433,4157626000
2025-10-17,9868.HK,83.25,83.65,78.6,79.2,18811572
2025-10-17,TSLA,425.5,441.4558,423.6,439.31,89331578
2025-10-20,0700.HK,624.0,632.5,621.5,627.5,14963360
2025-10-20,563300.SH,1.273,1.283,1.266,1.28,163317060
2025-10-20,588000.SH,1.456,1.468,1.425,1.437,3440730077
2025-10-20,9868.HK,81.8,82.45,80.85,81.35,10241554
2025-10-20,TSLA,443.865,449.8,440.61,447.43,63718971
2025-10-21,0700.HK,643.0,644.0,630.0,630.5,14171988
2025-10-21,563300.SH,1.282,1.306,1.273,1.305,244200436
2025-10-21,588000.SH,1.443,1.48,1.436,1.477,3991533656
2025-10-21,9868.HK,83.3,85.65,83.05,84.4,16773961
2025-10-21,TSLA,445.755,449.3,442.05,442.6,54412169
2025-10-22,0700.HK,626.0,629.0,616.5,623.5,9979448
2025-10-22,563300.SH,1.301,1.308,1.291,1.297,140747300
2025-10-22,588000.SH,1.466,1.496,1.449,1.476,2978546949
2025-10-22,9868.HK,83.6,84.25,82.25,82.85,7733948
2025-10-22,TSLA,443.45,445.539,429.0,438.97,84023458
2025-10-23,0700.HK,620.0,636.0,618.0,633.0,12419348
2025-10-23,563300.SH,1.294,1.299,1.276,1.297,199951100
2025-10-23,588000.SH,1.465,1.475,1.445,1.473,2303813763
2025-10-23,9868.HK,82.25,83.55,80.9,82.15,8329832
2025-10-23,TSLA,420.0,449.3999,413.9,448.98,126709833
2025-10-24,0700.HK,639.0,641.5,633.5,637.5,11997034
2025-10-24,563300.SH,1.297,1.312,1.297,1.311,187671900
2025-10-24,588000.SH,1.492,1.54,1.486,1.535,3644517145
2025-10-24,9868.HK,83.0,84.3,81.7,83.15,12044781
2025-10-24,TSLA,446.83,451.68,430.17,433.72,94727774
2025-10-27,0700.HK,649.0,656.0,646.0,656.0,16043970
2025-10-27,563300.SH,1.315,1.325,1.311,1.322,141134900
2025-10-27,588000.SH,1.562,1.567,1.53,1.558,4094437221
2025-10-27,9868.HK,85.3,86.8,82.8,84.7,14931251
2025-10-27,TSLA,439.98,460.16,438.69,452.42,105867547
2025-10-28,0700.HK,656.0,656.0,641.0,645.0,16295470
2025-10-28,563300.SH,1.32,1.333,1.313,1.325,177749300
2025-10-28,588000.SH,1.545,1.57,1.537,1.545,2779190530
2025-10-28,9868.HK,88.6,89.2,86.25,86.95,16993093
2025-10-28,TSLA,454.775,467.0,451.6,460.55,80185667
2025-10-29,563300.SH,1.326,1.332,1.313,1.33,209901183
2025-10-29,588000.SH,1.541,1.569,1.538,1.565,3093687209
2025-10-29,TSLA,462.5,465.7,452.65,461.51,67983544
2025-10-30,0700.HK,657.0,664.0,645.0,651.0,21772780
2025-10-30,563300.SH,1.327,1.327,1.303,1.306,171320205
2025-10-30,588000.SH,1.561,1.568,1.533,1.535,3363518136
2025-10-30,9868.HK,89.8,90.85,87.2,88.4,22463636
2025-10-30,TSLA,451.05,455.0607,439.61,440.1,72447938
2025-10-31,0700.HK,651.5,655.0,629.0,629.0,20578283
2025-10-31,563300.SH,1.311,1.325,1.306,1.32,444358027
2025-10-31,588000.SH,1.525,1.53,1.487,1.488,3798893384
2025-10-31,9868.HK,88.4,88.5,86.65,87.2,8934060
2025-10-31,TSLA,446.75,458.0,443.6855,456.56,83135787
2025-11-03,0700.HK,630.5,634.0,622.5,628.0,11591004
2025-11-03,563300.SH,1.318,1.324,1.305,1.323,266531105
2025-11-03,588000.SH,1.474,1.478,1.441,1.47,3073836596
2025-11-03,9868.HK,90.05,91.75,89.05,91.2,17887371
2025-11-03,TSLA,455.99,474.07,453.8,468.37,84595244
2025-11-04,0700.HK,631.0,640.0,625.5,629.0,14972125
2025-11-04,563300.SH,1.321,1.322,1.301,1.313,277661969
2025-11-04,588000.SH,1.475,1.487,1.446,1.455,2920963959
2025-11-04,9868.HK,90.45,92.0,87.7,88.9,16102213
2025-11-04,TSLA,454.46,460.22,443.6,444.26,87756644
2025-11-05,0700.HK,621.0,632.0,613.0,629.0,13309811
2025-11-05,563300.SH,1.298,1.326,1.294,1.323,287544444
2025-11-05,588000.SH,1.43,1.468,1.425,1.46,2784624131
2025-11-05,9868.HK,86.8,88.0,83.7,87.7,18462370
2025-11-05,TSLA,452.05,466.3299,440.71,462.07,85573015
2025-11-06,0700.HK,629.5,645.5,629.5,644.0,13081287
2025-11-06,563300.SH,1.324,1.334,1.316,1.333,265021096
2025-11-06,588000.SH,1.476,1.514,1.472,1.509,3259911662
2025-11-06,9868.HK,86.0,92.8,83.05,89.4,47206608
2025-11-06,TSLA,461.96,467.45,435.09,445.91,109622907
2025-11-07,0700.HK,638.0,643.0,628.5,634.0,13314360
2025-11-07,563300.SH,1.33,1.335,1.32,1.327,134950796
2025-11-07,588000.SH,1.494,1.506,1.484,1.487,2072700695
2025-11-07,9868.HK,93.7,94.45,90.3,90.9,39113059
2025-11-07,TSLA,437.92,439.36,421.88,429.52,103471495
2025-11-10,0700.HK,641.0,651.0,641.0,649.5,14513815
2025-11-10,563300.SH,1.33,1.339,1.327,1.337,155112802
2025-11-10,588000.SH,1.491,1.504,1.459,1.478,2291806220
2025-11-10,9868.HK,89.15,92.4,87.1,92.0,25270490
2025-11-10,TSLA,439.6,449.6715,433.36,445.23,76515907
2025-11-11,0700.HK,662.0,662.0,641.0,650.0,13087772
2025-11-11,563300.SH,1.341,1.348,1.338,1.34,190924400
2025-11-11,588000.SH,1.488,1.495,1.453,1.457,2083414328
2025-11-11,9868.HK,100.8,109.0,99.7,108.5,85840900
2025-11-11,TSLA,439.4,442.49,432.36,439.62,60533237
2025-11-12,0700.HK,655.0,658.5,652.0,657.0,13658568
2025-11-12,563300.SH,1.341,1.341,1.322,1.334,229613428
2025-11-12,588000.SH,1.446,1.458,1.431,1.449,2778838912
2025-11-12,9868.HK,110.8,110.8,102.1,105.2,43924623
2025-11-12,TSLA,442.15,442.329,426.56,430.6,58513520
2025-11-13,0700.HK,649.5,660.0,645.0,656.0,17299913
2025-11-13,563300.SH,1.33,1.354,1.326,1.349,236195154
2025-11-13,588000.SH,1.446,1.475,1.442,1.469,2338987695
2025-11-13,9868.HK,105.7,106.5,103.0,105.9,20388568
2025-11-13,TSLA,423.13,424.5,396.34,401.99,118948032
2025-11-14,0700.HK,645.0,659.0,640.0,641.0,19956444
2025-11-14,563300.SH,1.344,1.356,1.338,1.344,238205470
2025-11-14,588000.SH,1.451,1.46,1.43,1.431,2360496165
2025-11-14,9868.HK,102.9,103.5,97.8,98.7,32066987
2025-11-14,TSLA,386.3,412.19,382.78,404.35,105506682
2025-11-17,0700.HK,640.0,642.5,633.0,636.5,13794477
2025-11-17,563300.SH,1.341,1.348,1.337,1.345,198899099
2025-11-17,588000.SH,1.43,1.446,1.412,1.422,2336441524
2025-11-17,9868.HK,97.9,99.15,95.35,96.0,22019889
2025-11-17,TSLA,398.74,423.96,398.74,408.92,102214259
2025-11-18,0700.HK,628.0,641.0,620.5,623.5,18818609
2025-11-18,563300.SH,1.342,1.343,1.324,1.331,245257800
2025-11-18,588000.SH,1.417,1.443,1.415,1.427,2219153851
2025-11-18,9868.HK,89.0,89.5,85.35,85.95,51362729
2025-11-18,TSLA,405.38,408.9,393.71,401.25,80688637
2025-11-19,0700.HK,627.5,631.5,619.5,622.5,13959708
2025-11-19,563300.SH,1.331,1.334,1.306,1.312,245211278
2025-11-19,588000.SH,1.422,1.432,1.405,1.413,1885837153
2025-11-19,9868.HK,87.5,88.0,85.3,85.7,26145114
2025-11-19,TSLA,406.18,411.78,398.5,403.99,72047704
2025-11-20,0700.HK,626.5,630.5,615.5,621.0,14015988
2025-11-20,563300.SH,1.316,1.321,1.299,1.304,207914096
2025-11-20,588000.SH,1.428,1.432,1.393,1.396,2358762453
2025-11-20,9868.HK,84.1,84.45,80.4,81.85,35830837
2025-11-20,TSLA,414.63,428.94,394.74,395.23,113548827
2025-11-21,0700.HK,610.0,615.0,606.0,610.0,23732050
2025-11-21,563300.SH,1.294,1.298,1.248,1.25,459228100
2025-11-21,588000.SH,1.371,1.378,1.347,1.351,4361630301
2025-11-21,9868.HK,78.85,80.0,78.05,78.5,29458265
2025-11-21,TSLA,402.32,402.8,383.76,391.09,100460633
2025-11-24,0700.HK,615.0,627.5,613.5,624.5,22376801
2025-11-24,563300.SH,1.254,1.279,1.251,1.271,358408775
2025-11-24,588000.SH,1.357,1.372,1.337,1.36,2792526817
2025-11-24,9868.HK,79.85,81.7,79.45,81.35,26445761
2025-11-24,TSLA,402.17,421.72,401.09,417.78,96806374
2025-11-25,0700.HK,633.0,635.0,620.5,625.0,14877620
2025-11-25,563300.SH,1.275,1.301,1.275,1.293,333880164
2025-11-25,588000.SH,1.374,1.39,1.363,1.369,2974511982
2025-11-25,9868.HK,82.2,82.65,80.9,81.6,19713854
2025-11-25,TSLA,414.42,420.48,405.95,419.4,71915624
2025-11-26,0700.HK,628.5,630.0,618.0,619.5,14429595
2025-11-26,563300.SH,1.291,1.304,1.284,1.286,244018085
2025-11-26,588000.SH,1.362,1.394,1.358,1.382,2940497346
2025-11-26,9868.HK,83.45,83.5,82.0,82.1,13236671
2025-11-26,TSLA,423.95,426.94,416.89,426.58,63462996
2025-11-27,0700.HK,618.0,620.5,609.0,611.5,15493209
2025-11-27,563300.SH,1.286,1.305,1.282,1.295,233670385
2025-11-27,588000.SH,1.392,1.419,1.374,1.379,2739713768
2025-11-27,9868.HK,82.5,84.35,82.0,82.85,18374958
2025-11-28,0700.HK,611.5,617.0,608.5,611.5,13216245
2025-11-28,563300.SH,1.295,1.319,1.29,1.316,260077468
2025-11-28,588000.SH,1.374,1.396,1.368,1.393,2092399660
2025-11-28,9868.HK,82.85,84.35,81.85,83.9,8999914
2025-11-28,TSLA,426.59,432.93,426.2,430.17,36252861
2025-12-01,0700.HK,613.5,623.0,613.0,619.5,12643338
2025-12-01,563300.SH,1.316,1.326,1.314,1.324,199438625
2025-12-01,588000.SH,1.395,1.409,1.376,1.404,2162018305
2025-12-01,9868.HK,84.5,84.5,82.65,83.35,12388739
2025-12-01,TSLA,425.32,433.6599,425.29,430.14,57463552
2025-12-02,0700.HK,625.5,626.0,615.0,617.0,11460186
2025-12-02,563300.SH,1.321,1.322,1.31,1.316,144347365
2025-12-02,588000.SH,1.401,1.403,1.381,1.387,2047449801
2025-12-02,9868.HK,82.0,82.2,78.2,78.75,29777894
2025-12-02,TSLA,430.81,436.8,422.12,429.24,69336626
2025-12-03,0700.HK,616.0,616.0,608.5,611.0,11002158
2025-12-03,563300.SH,1.318,1.322,1.301,1.305,138846710
2025-12-03,588000.SH,1.385,1.391,1.369,1.375,1824464188
2025-12-03,9868.HK,76.7,76.95,75.15,75.4,20233612
2025-12-03,TSLA,432.1,447.92,431.11,446.74,87482964
2025-12-04,0700.HK,610.0,613.0,605.0,612.0,15329748
2025-12-04,563300.SH,1.305,1.308,1.289,1.298,148207892
2025-12-04,588000.SH,1.37,1.395,1.36,1.394,2220846857
2025-12-04,9868.HK,74.1,76.65,73.0,76.2,23315066
2025-12-04,TSLA,449.94,454.63,445.39,454.53,71906488
2025-12-05,0700.HK,605.0,611.0,604.0,610.0,14638391
2025-12-05,563300.SH,1.298,1.323,1.291,1.322,315131650
2025-12-05,588000.SH,1.39,1.398,1.37,1.394,2592361812
2025-12-05,9868.HK,76.55,78.3,75.7,77.95,17165632
2025-12-05,TSLA,453.03,458.87,451.66,455.0,56427522
2025-12-08,0700.HK,607.5,609.5,604.0,605.0,13421327
2025-12-08,563300.SH,1.324,1.344,1.324,1.341,218001566
2025-12-08,588000.SH,1.397,1.43,1.394,1.42,3458519544
2025-12-08,9868.HK,78.65,78.95,77.7,78.0,10282095
2025-12-08,TSLA,447.445,449.7463,435.25,439.58,69165753
2025-12-09,0700.HK,609.5,610.0,596.0,602.5,17431321
2025-12-09,563300.SH,1.338,1.344,1.329,1.33,228803698
2025-12-09,588000.SH,1.41,1.428,1.406,1.414,2478006591
2025-12-09,9868.HK,79.05,79.65,76.95,77.4,9489567
2025-12-09,TSLA,437.54,452.39,435.7,445.17,62367442
2025-12-10,0700.HK,602.0,603.0,595.0,603.0,14750743
2025-12-10,563300.SH,1.33,1.338,1.32,1.335,174407354
2025-12-10,588000.SH,1.404,1.42,1.385,1.415,2600962554
2025-12-10,9868.HK,77.4,77.4,74.85,76.2,12402157
2025-12-10,TSLA,446.065,456.88,443.61,451.45,63257475
2025-12-11,0700.HK,609.0,612.0,599.0,601.5,12480887
2025-12-11,563300.SH,1.335,1.338,1.312,1.314,174681035
2025-12-11,588000.SH,1.417,1.42,1.392,1.392,2067122085
2025-12-11,9868.HK,76.35,76.7,74.5,74.65,8971708
2025-12-11,TSLA,448.945,449.2699,440.33,446.89,55979492
2025-12-12,0700.HK,608.0,616.0,601.5,616.0,17825495
2025-12-12,563300.SH,1.317,1.33,1.31,1.32,198852817
2025-12-12,588000.SH,1.393,1.42,1.381,1.418,2806429463
2025-12-12,9868.HK,75.0,75.95,74.1,75.45,10246210
2025-12-12,TSLA,448.09,463.01,441.67,458.96,95656749
2025-12-15,0700.HK,606.0,608.5,602.0,603.0,15165502
2025-12-15,563300.SH,1.31,1.329,1.31,1.315,168493165
2025-12-15,588000.SH,1.405,1.414,1.387,1.389,2163266912
2025-12-15,9868.HK,74.05,75.3,73.65,73.75,10240571
2025-12-15,TSLA,469.44,481.7694,467.66,475.31,114542204
2025-12-16,0700.HK,602.5,603.0,592.0,596.5,15987678
2025-12-16,563300.SH,1.313,1.313,1.286,1.293,168030353
2025-12-16,588000.SH,1.382,1.386,1.353,1.361,2915608409
2025-12-16,9868.HK,72.5,73.3,70.05,72.4,31697148
2025-12-16,TSLA,472.21,491.5,465.83,489.88,107608075
2025-12-17,0700.HK,597.0,606.0,594.5,605.0,14824785
2025-12-17,563300.SH,1.292,1.308,1.279,1.307,237849035
2025-12-17,588000.SH,1.361,1.397,1.356,1.396,2863770720
2025-12-17,9868.HK,71.8,72.7,70.5,72.3,15176953
2025-12-17,TSLA,488.22,495.2799,466.2,467.26,106490405
2025-12-18,0700.HK,601.0,606.0,599.0,605.0,10153604
2025-12-18,563300.SH,1.299,1.321,1.295,1.306,209588500
2025-12-18,588000.SH,1.384,1.394,1.375,1.376,1835119696
2025-12-18,9868.HK,70.6,71.35,70.1,71.2,9944374
2025-12-18,TSLA,478.16,490.86,473.12,483.37,95168446
2025-12-19,0700.HK,610.0,617.5,607.0,614.0,17765762
2025-12-19,563300.SH,1.314,1.33,1.31,1.328,174769100
2025-12-19,588000.SH,1.382,1.394,1.377,1.38,1815255366
2025-12-19,9868.HK,73.0,77.25,72.35,76.65,32730378
2025-12-19,TSLA,488.12,490.49,474.72,481.2,103305424
2025-12-22,0700.HK,620.0,621.5,610.0,614.5,13868060
2025-12-22,563300.SH,1.331,1.344,1.329,1.338,156221700
2025-12-22,588000.SH,1.385,1.41,1.384,1.405,2652107190
2025-12-22,9868.HK,77.7,78.5,76.3,77.15,11406726
2025-12-22,TSLA,489.88,498.83,485.33,488.73,86916066
2025-12-23,0700.HK,613.5,614.5,601.5,602.0,15623392
2025-12-23,563300.SH,1.336,1.341,1.328,1.332,135894800
2025-12-23,588000.SH,1.405,1.419,1.401,1.41,2113997940
2025-12-23,9868.HK,77.5,77.55,75.9,76.45,6425692
2025-12-23,TSLA,489.395,491.97,482.84,485.56,58223633
2025-12-24,0700.HK,598.0,604.5,598.0,603.0,7324553
2025-12-24,563300.SH,1.335,1.358,1.331,1.357,212465900
2025-12-24,588000.SH,1.412,1.424,1.403,1.423,2067989334
2025-12-24,9868.HK,76.45,76.5,75.5,76.1,4417193
2025-12-24,TSLA,488.48,490.9,476.8,485.4,41285429
2025-12-25,563300.SH,1.36,1.373,1.353,1.372,217479904
2025-12-25,588000.SH,1.422,1.429,1.411,1.422,1803480036
2025-12-26,563300.SH,1.374,1.379,1.357,1.366,255108312
2025-12-26,588000.SH,1.423,1.429,1.411,1.419,2077429468
2025-12-26,TSLA,485.23,489.09,473.82,475.19,58780659
2025-12-29,0700.HK,606.0,611.0,596.0,596.5,18502650
2025-12-29,563300.SH,1.37,1.372,1.357,1.365,183297395
2025-12-29,588000.SH,1.419,1.436,1.412,1.417,2577516234
2025-12-29,9868.HK,80.0,81.6,78.9,79.05,22897657
2025-12-29,TSLA,469.0,469.4,459.0,459.64,66263033
2025-12-30,0700.HK,598.5,601.0,594.0,600.0,13582535
2025-12-30,563300.SH,1.363,1.377,1.356,1.366,185074900
2025-12-30,588000.SH,1.414,1.439,1.414,1.433,2432160403
2025-12-30,9868.HK,79.0,80.85,78.1,80.1,10683318
2025-12-30,TSLA,461.09,463.12,453.83,454.43,59238464
2025-12-31,0700.HK,597.5,602.5,596.0,599.0,10838209
2025-12-31,563300.SH,1.368,1.373,1.354,1.368,250909296
2025-12-31,588000.SH,1.438,1.441,1.415,1.417,2197310494
2025-12-31,9868.HK,81.85,82.65,78.5,79.35,13912585
2025-12-31,TSLA,456.1,456.55,449.3,449.72,49077961
2026-01-05,563300.SH,1.375,1.391,1.368,1.39,229379204
2026-01-05,588000.SH,1.433,1.479,1.428,1.479,4159373269
2026-01-06,563300.SH,1.391,1.409,1.39,1.409,165264284
2026-01-06,588000.SH,1.481,1.52,1.476,1.505,3880341791
2026-01-07,563300.SH,1.41,1.422,1.403,1.413,204884622
2026-01-07,588000.SH,1.517,1.529,1.503,1.52,3456820544
2026-01-08,563300.SH,1.407,1.433,1.407,1.43,265055238
2026-01-08,588000.SH,1.514,1.562,1.514,1.531,3582033326
2026-01-09,563300.SH,1.43,1.454,1.426,1.453,238584600
2026-01-09,588000.SH,1.52,1.555,1.514,1.554,3473756610
2026-01-12,563300.SH,1.455,1.496,1.454,1.494,387364548
2026-01-12,588000.SH,1.566,1.596,1.556,1.594,3576174548
2026-01-13,563300.SH,1.495,1.498,1.46,1.47,539335162
2026-01-13,588000.SH,1.594,1.594,1.536,1.549,4436911064
2026-01-14,563300.SH,1.47,1.507,1.453,1.477,411538120
2026-01-14,588000.SH,1.552,1.613,1.552,1.579,5089309302
2026-01-15,563300.SH,1.464,1.476,1.454,1.468,227860046
2026-01-15,588000.SH,1.571,1.584,1.545,1.573,3492194661
2026-01-16,563300.SH,1.481,1.483,1.46,1.476,256716753
2026-01-16,588000.SH,1.587,1.609,1.574,1.593,3691523521
2026-01-19,563300.SH,1.468,1.494,1.46,1.491,265085741
2026-01-19,588000.SH,1.59,1.606,1.582,1.586,2830606489
2026-01-20,563300.SH,1.493,1.499,1.465,1.479,249521176
2026-01-20,588000.SH,1.585,1.605,1.55,1.56,3837376109
2026-01-21,563300.SH,1.474,1.5,1.464,1.496,230219281
2026-01-21,588000.SH,1.556,1.627,1.556,1.616,4245555184
2026-01-22,563300.SH,1.505,1.513,1.496,1.512,216343757
2026-01-22,588000.SH,1.643,1.658,1.61,1.622,2741175613
2026-01-23,563300.SH,1.519,1.541,1.51,1.539,467474800
2026-01-23,588000.SH,1.61,1.635,1.604,1.635,2655972298
2026-01-26,563300.SH,1.539,1.543,1.503,1.515,393556316
2026-01-26,588000.SH,1.635,1.658,1.609,1.615,2654515608
2026-01-27,563300.SH,1.512,1.528,1.477,1.527,428479364
2026-01-27,588000.SH,1.606,1.645,1.586,1.64,2918892061
2026-01-28,563300.SH,1.521,1.53,1.511,1.519,227859397
2026-01-28,588000.SH,1.645,1.651,1.616,1.635,3148705248
2026-01-29,563300.SH,1.516,1.527,1.489,1.492,405844944
2026-01-29,588000.SH,1.631,1.642,1.587,1.589,3350348781
2026-01-30,563300.SH,1.487,1.504,1.461,1.498,355050038
2026-01-30,588000.SH,1.579,1.602,1.542,1.588,3242022111
2026-02-02,563300.SH,1.486,1.496,1.453,1.455,370102200
2026-02-02,588000.SH,1.576,1.588,1.526,1.528,3137158158
2026-02-03,563300.SH,1.472,1.493,1.463,1.491,436100483
2026-02-03,588000.SH,1.551,1.556,1.504,1.548,3077135613
2026-02-04,563300.SH,1.489,1.495,1.475,1.493,361010900
2026-02-04,588000.SH,1.532,1.534,1.509,1.531,2613917180
2026-02-05,563300.SH,1.487,1.489,1.468,1.473,255495400
2026-02-05,588000.SH,1.508,1.517,1.491,1.508,2931610189
2026-02-06,563300.SH,1.458,1.499,1.455,1.481,300623100
2026-02-06,588000.SH,1.49,1.517,1.48,1.499,2553828857
2026-02-09,563300.SH,1.5,1.512,1.495,1.512,354195400
2026-02-09,588000.SH,1.527,1.536,1.517,1.535,2293604445
2026-02-10,563300.SH,1.51,1.517,1.503,1.51,216419040
2026-02-10,588000.SH,1.538,1.564,1.537,1.55,2058268306
2026-02-11,563300.SH,1.512,1.517,1.505,1.506,252707944
2026-02-11,588000.SH,1.54,1.545,1.53,1.533,1512249869
2026-02-12,563300.SH,1.509,1.519,1.497,1.512,259254104
2026-02-12,588000.SH,1.538,1.56,1.531,1.559,2016644543
2026-02-13,563300.SH,1.504,1.522,1.501,1.503,300679008
2026-02-13,588000.SH,1.55,1.57,1.544,1.548,1855753670
2026-02-24,563300.SH,1.518,1.528,1.502,1.523,289087500
2026-02-24,588000.SH,1.57,1.572,1.53,1.543,1760491762
2026-02-25,563300.SH,1.524,1.542,1.521,1.537,215677894
2026-02-25,588000.SH,1.547,1.559,1.531,1.552,2082856635
2026-02-26,563300.SH,1.541,1.556,1.537,1.555,275396253
2026-02-26,588000.SH,1.554,1.574,1.533,1.564,2468920801
2026-02-27,563300.SH,1.545,1.568,1.54,1.567,368257359
2026-02-27,588000.SH,1.55,1.572,1.541,1.566,1928790947
2026-03-02,563300.SH,1.55,1.558,1.526,1.539,485825856
2026-03-02,588000.SH,1.54,1.565,1.535,1.544,2155820703
2026-03-03,563300.SH,1.545,1.549,1.479,1.483,497099715
2026-03-03,588000.SH,1.544,1.549,1.459,1.464,3961495732
2026-03-04,563300.SH,1.466,1.497,1.462,1.475,422767432
2026-03-04,588000.SH,1.454,1.483,1.45,1.459,2137849153
2026-03-05,563300.SH,1.496,1.514,1.493,1.503,306037743
2026-03-05,588000.SH,1.489,1.499,1.471,1.482,2727848096
2026-03-06,563300.SH,1.494,1.526,1.49,1.522,272159477
2026-03-06,588000.SH,1.472,1.498,1.471,1.491,1688885410
2026-03-09,563300.SH,1.49,1.515,1.473,1.509,384648317
2026-03-09,588000.SH,1.463,1.473,1.424,1.465,2881333925
2026-03-10,563300.SH,1.52,1.549,1.518,1.548,378325079
2026-03-10,588000.SH,1.49,1.501,1.477,1.495,2170973327
2026-03-11,563300.SH,1.549,1.559,1.537,1.542,272624416
2026-03-11,588000.SH,1.497,1.503,1.474,1.477,2020213802
2026-03-12,563300.SH,1.537,1.544,1.518,1.526,219701339
2026-03-12,588000.SH,1.472,1.487,1.445,1.456,1880631916
2026-03-13,563300.SH,1.52,1.534,1.506,1.512,262287872
2026-03-13,588000.SH,1.446,1.466,1.438,1.45,1855026153
2026-03-16,563300.SH,1.51,1.517,1.493,1.517,335662960
2026-03-16,588000.SH,1.446,1.46,1.42,1.458,2660262968
2026-03-17,563300.SH,1.519,1.521,1.477,1.479,307736099
2026-03-17,588000.SH,1.459,1.464,1.425,1.428,2269397114
2026-03-18,563300.SH,1.479,1.502,1.474,1.501,410927511
2026-03-18,588000.SH,1.432,1.447,1.42,1.445,2182505407
2026-03-19,563300.SH,1.478,1.487,1.457,1.465,435164935
2026-03-19,588000.SH,1.424,1.427,1.405,1.411,2765117413
2026-03-20,563300.SH,1.47,1.478,1.427,1.43,385263789
2026-03-20,588000.SH,1.414,1.419,1.387,1.388,2904589942
2026-03-23,563300.SH,1.4,1.414,1.342,1.356,551313688
2026-03-23,588000.SH,1.366,1.375,1.32,1.329,4309028903
2026-03-24,563300.SH,1.37,1.405,1.356,1.404,585012873
2026-03-24,588000.SH,1.345,1.36,1.316,1.359,3385099544
2026-03-25,563300.SH,1.413,1.437,1.404,1.436,536713425
2026-03-25,588000.SH,1.363,1.397,1.362,1.385,3332617020
2026-03-26,563300.SH,1.436,1.441,1.407,1.414,396224424
2026-03-26,588000.SH,1.383,1.386,1.353,1.357,1958526672
2026-03-27,563300.SH,1.394,1.441,1.393,1.437,320343761
2026-03-27,588000.SH,1.334,1.379,1.332,1.37,2294693153
2026-03-30,563300.SH,1.414,1.44,1.41,1.438,281343920
2026-03-30,588000.SH,1.347,1.364,1.337,1.359,2090774997
2026-03-31,563300.SH,1.437,1.445,1.411,1.413,277830051
2026-03-31,588000.SH,1.356,1.366,1.322,1.324,2573266713
2026-04-01,563300.SH,1.437,1.447,1.427,1.445,333853145
2026-04-01,588000.SH,1.354,1.372,1.35,1.369,3013854064
2026-04-02,563300.SH,1.436,1.444,1.408,1.418,270214286
2026-04-02,588000.SH,1.363,1.365,1.322,1.33,2602957142
2026-04-03,563300.SH,1.422,1.426,1.39,1.394,268227416
2026-04-03,588000.SH,1.335,1.339,1.321,1.324,1751604814
2026-04-07,563300.SH,1.396,1.419,1.394,1.411,364372275
2026-04-07,588000.SH,1.33,1.355,1.327,1.342,2255214004
2026-04-08,563300.SH,1.44,1.474,1.437,1.474,434890148
2026-04-08,588000.SH,1.385,1.425,1.385,1.425,4004488918
2026-04-09,563300.SH,1.458,1.469,1.455,1.462,318816873
2026-04-09,588000.SH,1.408,1.435,1.403,1.415,2695584889
2026-04-10,563300.SH,1.471,1.49,1.466,1.475,277036500
2026-04-10,588000.SH,1.434,1.457,1.434,1.437,2545706748
2026-04-13,563300.SH,1.465,1.481,1.463,1.478,230056031
2026-04-13,588000.SH,1.428,1.47,1.424,1.448,2592938081
2026-04-14,563300.SH,1.491,1.499,1.478,1.499,222041095
2026-04-14,588000.SH,1.473,1.484,1.461,1.479,2631892477
2026-04-15,563300.SH,1.507,1.508,1.485,1.488,236638813
2026-04-15,588000.SH,1.491,1.509,1.474,1.482,3038120642
2026-04-16,563300.SH,1.495,1.525,1.488,1.522,262498513
2026-04-16,588000.SH,1.485,1.501,1.477,1.498,2272496224
2026-04-17,563300.SH,1.515,1.54,1.515,1.534,222068700
2026-04-17,588000.SH,1.492,1.51,1.489,1.499,1971772578
